,Input Soil Properties,,,,,,,,"Saxton et al., 1986",,,,,"Campbell and Shiosawa, 1992",,,,,"Rawls and Brakensiek, 1985",,,,,"Williams et al., 1992",,,,,"Williams et al., 1992",,,,,"Oosterveld and Chang, 1980",,,,,"Mayr and Jarvice, 1999",,,,,"Wo¨sten et al., 1999",,,,,,"Varallyay et al., 1982",,,,,,"Vereecken et al., 1989",,,,,,"Wo¨sten et al., 1999",,,,,,"Tomasella and Hodnett, 1998",,,,,,"Rawls et al., 1982",,,,,,"Gupta and Larson, 1979",,,,,,"Rajkai and Varallyay, 1992",,,,,,"Rawls et al., 1983",,,,,
ID,depth,sand,silt,clay,OC,BD,PD,,qr,f,hb,λ,G,qr,f,hb,λ,G,qr,f,hb,λ,G,qr,f,hb,λ,G,qr,f,hb,λ,G,qr,f,hb,λ,G,qr,f,hb,λ,G,qr,qs,a,n,m,G,qr,qs,a,n,m,G,qr,qs,a,n,m,G,qr,qs,a,n,m,G,qr,qs,a,n,m,G,qr,qs,a,n,m,G,qr,qs,a,n,m,G,qr,qs,a,n,m,G,qr,qs,a,n,m,G
,cm,%,%,%,%,g cm-3,g cm-3,,cm3 cm-3,cm3 cm-3,cm,-,cm,cm3 cm-3,cm3 cm-3,cm,-,cm,cm3 cm-3,cm3 cm-3,cm,-,cm,cm3 cm-3,cm3 cm-3,cm,-,cm,cm3 cm-3,cm3 cm-3,cm,-,cm,cm3 cm-3,cm3 cm-3,cm,-,cm,cm3 cm-3,cm3 cm-3,cm,-,cm,cm3 cm-3,cm3 cm-3,cm-1,-,-,cm,cm3 cm-3,cm3 cm-3,cm-1,-,-,cm,cm3 cm-3,cm3 cm-3,cm-1,-,-,cm,cm3 cm-3,cm3 cm-3,cm-1,-,-,cm,cm3 cm-3,cm3 cm-3,cm-1,-,-,cm,cm3 cm-3,cm3 cm-3,cm-1,-,-,cm,cm3 cm-3,cm3 cm-3,cm-1,-,-,cm,cm3 cm-3,cm3 cm-3,cm-1,-,-,cm,cm3 cm-3,cm3 cm-3,cm-1,-,-,cm
1,15,50.8,39.6,9.6,-1,1.361473658,2.65,,0,0.4862,12.6601,0.2377,20.0508,0,0.4862,23.2117,0.2176,37.2563,0.0532,0.4862,15.9996,0.3774,23.5032,0,0.4862,13.7768,0.2239,22.0175,-1,-1,-1,-1,-1,0,0.4862,3.6348,0.19,5.95,-1,-1,-1,-1,-1,0.01,0.392,0.0249,1.1689,0.1445,2.1685,0,0.471,0.0064,0.4045,1,-1,-1,-1,-1,-1,-1,-1,-1,-1,-1,-1,-1,-1,-1,-1,-1,-1,-1,-1,-1,-1,-1,-1,-1,-1,-1,-1,-1,-1,-1,-1,-1,-1,-1,-1,-1,-1,-1,-1,-1,-1,-1,-1
2,15,51.1,35.9,12.9,-1,1.361473658,2.65,,0,0.4862,9.4733,0.2135,15.2475,0,0.4862,25.1531,0.2009,40.8477,0.0648,0.4862,14.805,0.3601,21.9217,0,0.4862,14.1306,0.2082,22.8291,-1,-1,-1,-1,-1,0,0.4862,5.1786,0.19,8.477,-1,-1,-1,-1,-1,0.01,0.392,0.0249,1.1689,0.1445,2.1685,0,0.4725,0.0041,0.4045,1,-1,-1,-1,-1,-1,-1,-1,-1,-1,-1,-1,-1,-1,-1,-1,-1,-1,-1,-1,-1,-1,-1,-1,-1,-1,-1,-1,-1,-1,-1,-1,-1,-1,-1,-1,-1,-1,-1,-1,-1,-1,-1,-1
3,15,59,31.2,9.8,-1,1.361473658,2.65,,0,0.4862,6.858,0.2202,10.988,0,0.4862,20.2348,0.2371,32.0587,0.0567,0.4862,11.8712,0.3804,17.4153,0,0.4862,15.2885,0.2498,24.0282,-1,-1,-1,-1,-1,0,0.4862,2.545,0.19,4.1661,-1,-1,-1,-1,-1,0.01,0.392,0.0249,1.1689,0.1445,2.1685,0,0.4711,0.0062,0.4045,1,-1,-1,-1,-1,-1,-1,-1,-1,-1,-1,-1,-1,-1,-1,-1,-1,-1,-1,-1,-1,-1,-1,-1,-1,-1,-1,-1,-1,-1,-1,-1,-1,-1,-1,-1,-1,-1,-1,-1,-1,-1,-1,-1
4,15,60.4,29.9,9.7,-1,1.357659543,2.65,,0,0.4877,6.1212,0.2183,9.8203,0,0.4877,19.5468,0.2416,30.8805,0.0568,0.4877,11.2445,0.3812,16.4901,0,0.4877,15.4189,0.2556,24.1455,-1,-1,-1,-1,-1,0,0.4877,2.279,0.19,3.7306,-1,-1,-1,-1,-1,0.01,0.392,0.0249,1.1689,0.1445,2.1685,0,0.4732,0.0064,0.4032,1,-1,-1,-1,-1,-1,-1,-1,-1,-1,-1,-1,-1,-1,-1,-1,-1,-1,-1,-1,-1,-1,-1,-1,-1,-1,-1,-1,-1,-1,-1,-1,-1,-1,-1,-1,-1,-1,-1,-1,-1,-1,-1,-1
5,15,53.8,34.8,11.4,-1,1.358829756,2.65,,0,0.4872,8.6883,0.2184,13.9371,0,0.4872,22.9415,0.2146,36.8969,0.0606,0.4872,13.7309,0.3689,20.2483,0,0.4872,14.422,0.2238,23.0504,-1,-1,-1,-1,-1,0,0.4872,3.8252,0.19,6.2616,-1,-1,-1,-1,-1,0.01,0.392,0.0249,1.1689,0.1445,2.1685,0,0.4733,0.0051,0.4036,1,-1,-1,-1,-1,-1,-1,-1,-1,-1,-1,-1,-1,-1,-1,-1,-1,-1,-1,-1,-1,-1,-1,-1,-1,-1,-1,-1,-1,-1,-1,-1,-1,-1,-1,-1,-1,-1,-1,-1,-1,-1,-1,-1
6,15,43.1,46.8,10.10,-1,1.358829756,2.65,,0,0.4872,19.4853,0.2487,30.6437,0,0.4872,26.7373,0.197,43.5431,0.0523,0.4872,20.4778,0.3705,30.1757,0,0.4872,12.391,0.1996,20.1418,-1,-1,-1,-1,-1,0,0.4872,5.2467,0.19,8.5885,-1,-1,-1,-1,-1,0.01,0.392,0.0249,1.1689,0.1445,2.1685,0,0.4727,0.006,0.4036,1,-1,-1,-1,-1,-1,-1,-1,-1,-1,-1,-1,-1,-1,-1,-1,-1,-1,-1,-1,-1,-1,-1,-1,-1,-1,-1,-1,-1,-1,-1,-1,-1,-1,-1,-1,-1,-1,-1,-1,-1,-1,-1,-1
7,15,59.2,20.5,20.20,-1,1.358829756,2.65,,0,0.4872,2.7349,0.1536,4.6073,0,0.4872,26.3086,0.1794,43.4136,0.0895,0.4872,8.8535,0.3133,13.4175,0,0.4872,16.3706,0.2098,26.4175,-1,-1,-1,-1,-1,0,0.4872,7.7773,0.19,12.7311,-1,-1,-1,-1,-1,0.01,0.392,0.0249,1.1689,0.1445,2.1685,0,0.479,0.0016,0.4036,1,-1,-1,-1,-1,-1,-1,-1,-1,-1,-1,-1,-1,-1,-1,-1,-1,-1,-1,-1,-1,-1,-1,-1,-1,-1,-1,-1,-1,-1,-1,-1,-1,-1,-1,-1,-1,-1,-1,-1,-1,-1,-1,-1
8,15,55.9,34.5,9.60,-1,1.358829756,2.65,,0,0.4872,8.7696,0.2278,13.979,0,0.4872,21.1216,0.2303,33.6126,0.0549,0.4872,13.3177,0.3798,19.5427,0,0.4872,14.6184,0.2404,23.111,-1,-1,-1,-1,-1,0,0.4872,2.8173,0.19,4.6118,-1,-1,-1,-1,-1,0.01,0.392,0.0249,1.1689,0.1445,2.1685,0,0.4725,0.0064,0.4036,1,-1,-1,-1,-1,-1,-1,-1,-1,-1,-1,-1,-1,-1,-1,-1,-1,-1,-1,-1,-1,-1,-1,-1,-1,-1,-1,-1,-1,-1,-1,-1,-1,-1,-1,-1,-1,-1,-1,-1,-1,-1,-1,-1
9,15,52.4,43.1,4.6,-1,1.414432992,2.65,,0,0.4663,21.5254,0.2757,33.3064,0,0.4663,21.9736,0.2525,34.4755,0.0349,0.4663,18.5239,0.4095,26.836,0,0.4663,14.877,0.2669,23.1386,-1,-1,-1,-1,-1,0,0.4663,2.779,0.19,4.549,-1,-1,-1,-1,-1,0.01,0.392,0.0249,1.1689,0.1445,2.1685,0,0.4397,0.0101,0.4222,1,-1,-1,-1,-1,-1,-1,-1,-1,-1,-1,-1,-1,-1,-1,-1,-1,-1,-1,-1,-1,-1,-1,-1,-1,-1,-1,-1,-1,-1,-1,-1,-1,-1,-1,-1,-1,-1,-1,-1,-1,-1,-1,-1
10,15,60.2,32.9,6.9,-1,1.414432992,2.65,,0,0.4663,10.1725,0.2429,16.057,0,0.4663,20.2854,0.2611,31.6598,0.0471,0.4663,13.5434,0.405,19.6576,0,0.4663,16.6753,0.2703,25.8829,-1,-1,-1,-1,-1,0,0.4663,2.5197,0.19,4.1245,-1,-1,-1,-1,-1,0.01,0.392,0.0249,1.1689,0.1445,2.1685,0,0.4402,0.0073,0.4222,1,-1,-1,-1,-1,-1,-1,-1,-1,-1,-1,-1,-1,-1,-1,-1,-1,-1,-1,-1,-1,-1,-1,-1,-1,-1,-1,-1,-1,-1,-1,-1,-1,-1,-1,-1,-1,-1,-1,-1,-1,-1,-1,-1
11,15,55.3,39.4,5.3,-1,1.414432992,2.65,,0,0.4663,16.7821,0.2655,26.1243,0,0.4663,21.2322,0.257,33.2208,0.0389,0.4663,16.6706,0.4093,24.1533,0,0.4663,15.4951,0.2683,24.0806,-1,-1,-1,-1,-1,0,0.4663,2.6257,0.19,4.2981,-1,-1,-1,-1,-1,0.01,0.392,0.0249,1.1689,0.1445,2.1685,0,0.4398,0.0091,0.4222,1,-1,-1,-1,-1,-1,-1,-1,-1,-1,-1,-1,-1,-1,-1,-1,-1,-1,-1,-1,-1,-1,-1,-1,-1,-1,-1,-1,-1,-1,-1,-1,-1,-1,-1,-1,-1,-1,-1,-1,-1,-1,-1,-1
12,15,52.5,40.5,7.1,-1,1.414432992,2.65,,0,0.4663,16.8112,0.2542,26.3486,0,0.4663,23.5407,0.2367,37.3064,0.045,0.4663,17.3693,0.3976,25.2901,0,0.4663,15.4155,0.2427,24.3361,-1,-1,-1,-1,-1,0,0.4663,3.8013,0.19,6.2224,-1,-1,-1,-1,-1,0.01,0.392,0.0249,1.1689,0.1445,2.1685,0,0.4403,0.0071,0.4222,1,-1,-1,-1,-1,-1,-1,-1,-1,-1,-1,-1,-1,-1,-1,-1,-1,-1,-1,-1,-1,-1,-1,-1,-1,-1,-1,-1,-1,-1,-1,-1,-1,-1,-1,-1,-1,-1,-1,-1,-1,-1,-1,-1
13,15,54.8,32.9,12.2,-1,1.413750038,2.65,,0,0.4665,9.2391,0.2107,14.9003,0,0.4665,26.083,0.2124,42.0143,0.0645,0.4665,14.2413,0.3699,20.9913,0,0.4665,16.6836,0.2196,26.742,-1,-1,-1,-1,-1,0,0.4665,6.2043,0.19,10.1562,-1,-1,-1,-1,-1,0.01,0.392,0.0249,1.1689,0.1445,2.1685,0,0.4427,0.0035,0.422,1,-1,-1,-1,-1,-1,-1,-1,-1,-1,-1,-1,-1,-1,-1,-1,-1,-1,-1,-1,-1,-1,-1,-1,-1,-1,-1,-1,-1,-1,-1,-1,-1,-1,-1,-1,-1,-1,-1,-1,-1,-1,-1,-1
14,15,50.0,34.5,15.50,-1,1.413750038,2.65,,0,0.4665,10.5202,0.1991,17.1069,0,0.4665,31.419,0.1865,51.5666,0.0734,0.4665,16.3473,0.3487,24.3369,0,0.4665,16.226,0.1909,26.5425,-1,-1,-1,-1,-1,0,0.4665,10.771,0.19,17.6316,-1,-1,-1,-1,-1,0.01,0.392,0.0249,1.1689,0.1445,2.1685,0,0.4446,0.0022,0.422,1,-1,-1,-1,-1,-1,-1,-1,-1,-1,-1,-1,-1,-1,-1,-1,-1,-1,-1,-1,-1,-1,-1,-1,-1,-1,-1,-1,-1,-1,-1,-1,-1,-1,-1,-1,-1,-1,-1,-1,-1,-1,-1,-1
15,15,58.7,28.5,12.90,-1,1.413750038,2.65,,0,0.4665,6.4231,0.1977,10.4548,0,0.4665,24.7685,0.2169,39.7743,0.0683,0.4665,11.9527,0.3662,17.6482,0,0.4665,17.5423,0.2297,27.9281,-1,-1,-1,-1,-1,0,0.4665,5.6531,0.19,9.2538,-1,-1,-1,-1,-1,0.01,0.392,0.0249,1.1689,0.1445,2.1685,0,0.4431,0.0032,0.422,1,-1,-1,-1,-1,-1,-1,-1,-1,-1,-1,-1,-1,-1,-1,-1,-1,-1,-1,-1,-1,-1,-1,-1,-1,-1,-1,-1,-1,-1,-1,-1,-1,-1,-1,-1,-1,-1,-1,-1,-1,-1,-1,-1
16,15,57.0,33.3,9.80,-1,1.413750038,2.65,,0,0.4665,9.6192,0.2241,15.3714,0,0.4665,23.3573,0.2319,37.1319,0.0569,0.4665,13.8741,0.3855,20.3078,0,0.4665,16.6817,0.2393,26.3919,-1,-1,-1,-1,-1,0,0.4665,4.244,0.19,6.9472,-1,-1,-1,-1,-1,0.01,0.392,0.0249,1.1689,0.1445,2.1685,0,0.4416,0.0049,0.422,1,-1,-1,-1,-1,-1,-1,-1,-1,-1,-1,-1,-1,-1,-1,-1,-1,-1,-1,-1,-1,-1,-1,-1,-1,-1,-1,-1,-1,-1,-1,-1,-1,-1,-1,-1,-1,-1,-1,-1,-1,-1,-1,-1
17,15,58.2,29.1,12.70,-1,1.319744893,2.65,,0,0.502,4.7169,0.2001,7.6643,0,0.502,20.0947,0.217,32.2668,0.0659,0.502,10.5155,0.359,15.5785,0,0.502,14.237,0.2352,22.5839,-1,-1,-1,-1,-1,0,0.502,2.6745,0.19,4.3779,-1,-1,-1,-1,-1,0.01,0.392,0.0249,1.1689,0.1445,2.1685,0,0.496,0.0051,0.3904,1,-1,-1,-1,-1,-1,-1,-1,-1,-1,-1,-1,-1,-1,-1,-1,-1,-1,-1,-1,-1,-1,-1,-1,-1,-1,-1,-1,-1,-1,-1,-1,-1,-1,-1,-1,-1,-1,-1,-1,-1,-1,-1,-1
18,15,59.0,28.1,12.80,-1,1.319744893,2.65,,0,0.502,4.363,0.1978,7.1013,0,0.502,19.8808,0.2181,31.898,0.0665,0.502,10.1506,0.3585,15.0413,0,0.502,14.4006,0.2376,22.8085,-1,-1,-1,-1,-1,0,0.502,2.6102,0.19,4.2728,-1,-1,-1,-1,-1,0.01,0.392,0.0249,1.1689,0.1445,2.1685,0,0.496,0.005,0.3904,1,-1,-1,-1,-1,-1,-1,-1,-1,-1,-1,-1,-1,-1,-1,-1,-1,-1,-1,-1,-1,-1,-1,-1,-1,-1,-1,-1,-1,-1,-1,-1,-1,-1,-1,-1,-1,-1,-1,-1,-1,-1,-1,-1
19,15,57.2,30.3,12.50,-1,1.319744893,2.65,,0,0.502,5.2278,0.2036,8.4734,0,0.502,20.3298,0.216,32.6669,0.0649,0.502,11.0073,0.36,16.2995,0,0.502,14.0276,0.2326,22.2891,-1,-1,-1,-1,-1,0,0.502,2.7331,0.19,4.4739,-1,-1,-1,-1,-1,0.01,0.392,0.0249,1.1689,0.1445,2.1685,0,0.4959,0.0052,0.3904,1,-1,-1,-1,-1,-1,-1,-1,-1,-1,-1,-1,-1,-1,-1,-1,-1,-1,-1,-1,-1,-1,-1,-1,-1,-1,-1,-1,-1,-1,-1,-1,-1,-1,-1,-1,-1,-1,-1,-1,-1,-1,-1,-1
20,15,54.8,30.1,15.1,-1,1.319744893,2.65,,0,0.502,5.0798,0.1913,8.307,0,0.502,22.4733,0.1971,36.5966,0.0727,0.502,11.3561,0.3448,16.9378,0,0.502,13.7345,0.2139,22.1004,-1,-1,-1,-1,-1,0,0.502,4.0303,0.19,6.5973,-1,-1,-1,-1,-1,0.01,0.392,0.0249,1.1689,0.1445,2.1685,0,0.4973,0.0037,0.3904,1,-1,-1,-1,-1,-1,-1,-1,-1,-1,-1,-1,-1,-1,-1,-1,-1,-1,-1,-1,-1,-1,-1,-1,-1,-1,-1,-1,-1,-1,-1,-1,-1,-1,-1,-1,-1,-1,-1,-1,-1,-1,-1,-1
21,15,47.5,37,15.5,-1,1.31583334,2.65,,0,0.5035,8.679,0.2044,14.0587,0,0.5035,25.2856,0.182,41.6421,0.0715,0.5035,15.0877,0.3424,22.5302,0,0.5035,12.1869,0.1903,19.9447,-1,-1,-1,-1,-1,0,0.5035,5.4504,0.19,8.922,-1,-1,-1,-1,-1,0.01,0.392,0.0249,1.1689,0.1445,2.1685,0,0.4998,0.0036,0.3891,1,-1,-1,-1,-1,-1,-1,-1,-1,-1,-1,-1,-1,-1,-1,-1,-1,-1,-1,-1,-1,-1,-1,-1,-1,-1,-1,-1,-1,-1,-1,-1,-1,-1,-1,-1,-1,-1,-1,-1,-1,-1,-1,-1
22,15,41.3,38.6,20.2,-1,1.31583334,2.65,,0,0.5035,10.5798,0.1906,17.3106,0,0.5035,31.2171,0.1539,52.5723,0.0831,0.5035,18.5823,0.3186,28.084,0,0.5035,11.0449,0.1588,18.5256,-1,-1,-1,-1,-1,0,0.5035,10.5855,0.19,17.3278,-1,-1,-1,-1,-1,0.01,0.392,0.0249,1.1689,0.1445,2.1685,0,0.5032,0.002,0.3891,1,-1,-1,-1,-1,-1,-1,-1,-1,-1,-1,-1,-1,-1,-1,-1,-1,-1,-1,-1,-1,-1,-1,-1,-1,-1,-1,-1,-1,-1,-1,-1,-1,-1,-1,-1,-1,-1,-1,-1,-1,-1,-1,-1
23,15,48.1,38.4,13.5,-1,1.31583334,2.65,,0,0.5035,9.5673,0.2159,15.3743,0,0.5035,23.9031,0.192,39.0714,0.0652,0.5035,15.2068,0.3527,22.596,0,0.5035,12.2324,0.1998,19.8801,-1,-1,-1,-1,-1,0,0.5035,4.344,0.19,7.1108,-1,-1,-1,-1,-1,0.01,0.392,0.0249,1.1689,0.1445,2.1685,0,0.4986,0.0047,0.3891,1,-1,-1,-1,-1,-1,-1,-1,-1,-1,-1,-1,-1,-1,-1,-1,-1,-1,-1,-1,-1,-1,-1,-1,-1,-1,-1,-1,-1,-1,-1,-1,-1,-1,-1,-1,-1,-1,-1,-1,-1,-1,-1,-1
24,15,52.9,34.3,12.8,-1,1.31583334,2.65,,0,0.5035,7.0774,0.2105,11.4158,0,0.5035,21.7513,0.2051,35.2165,0.0645,0.5035,12.8416,0.3572,19.0406,0,0.5035,13.1142,0.2174,21.0518,-1,-1,-1,-1,-1,0,0.5035,3.3034,0.19,5.4075,-1,-1,-1,-1,-1,0.01,0.392,0.0249,1.1689,0.1445,2.1685,0,0.4982,0.0051,0.3891,1,-1,-1,-1,-1,-1,-1,-1,-1,-1,-1,-1,-1,-1,-1,-1,-1,-1,-1,-1,-1,-1,-1,-1,-1,-1,-1,-1,-1,-1,-1,-1,-1,-1,-1,-1,-1,-1,-1,-1,-1,-1,-1,-1
25,15,54.3,23.9,21.9,-1,1.305882377,2.65,,0,0.5072,3.0696,0.1549,5.1651,0,0.5072,25.4868,0.1662,42.4938,0.0918,0.5072,9.933,0.3042,15.1268,0,0.5072,13.5755,0.1922,22.1853,-1,-1,-1,-1,-1,0,0.5072,7.2195,0.19,11.8179,-1,-1,-1,-1,-1,0.01,0.392,0.0249,1.1689,0.1445,2.1685,0,0.5103,0.0017,0.3858,1,-1,-1,-1,-1,-1,-1,-1,-1,-1,-1,-1,-1,-1,-1,-1,-1,-1,-1,-1,-1,-1,-1,-1,-1,-1,-1,-1,-1,-1,-1,-1,-1,-1,-1,-1,-1,-1,-1,-1,-1,-1,-1,-1
26,15,54.1,34.3,11.60,-1,1.305882377,2.65,,0,0.5072,6.9344,0.2164,11.1393,0,0.5072,20.2589,0.2142,32.5924,0.0606,0.5072,12.4459,0.363,18.4038,0,0.5072,13.016,0.2275,20.752,-1,-1,-1,-1,-1,0,0.5072,2.5353,0.19,4.1501,-1,-1,-1,-1,-1,0.01,0.392,0.0249,1.1689,0.1445,2.1685,0,0.5032,0.0063,0.3858,1,-1,-1,-1,-1,-1,-1,-1,-1,-1,-1,-1,-1,-1,-1,-1,-1,-1,-1,-1,-1,-1,-1,-1,-1,-1,-1,-1,-1,-1,-1,-1,-1,-1,-1,-1,-1,-1,-1,-1,-1,-1,-1,-1
27,15,52.5,37.1,10.40,-1,1.305882377,2.65,,0,0.5072,8.7341,0.2284,13.9172,0,0.5072,20.229,0.2172,32.477,0.0559,0.5072,13.6014,0.3686,20.0607,0,0.5072,12.6545,0.2286,20.1616,-1,-1,-1,-1,-1,0,0.5072,2.3741,0.19,3.8863,-1,-1,-1,-1,-1,0.01,0.392,0.0249,1.1689,0.1445,2.1685,0,0.5027,0.0073,0.3858,1,-1,-1,-1,-1,-1,-1,-1,-1,-1,-1,-1,-1,-1,-1,-1,-1,-1,-1,-1,-1,-1,-1,-1,-1,-1,-1,-1,-1,-1,-1,-1,-1,-1,-1,-1,-1,-1,-1,-1,-1,-1,-1,-1
28,15,64.1,29.1,6.70,-1,1.305882377,2.65,,0,0.5072,5.4641,0.2382,8.6511,0,0.5072,15.4585,0.2758,23.9181,0.0457,0.5072,10.4112,0.3954,15.1736,0,0.5072,14.3816,0.294,22.0235,-1,-1,-1,-1,-1,0,0.5072,0.84,0.19,1.3751,-1,-1,-1,-1,-1,0.01,0.392,0.0249,1.1689,0.1445,2.1685,0,0.5014,0.0118,0.3858,1,-1,-1,-1,-1,-1,-1,-1,-1,-1,-1,-1,-1,-1,-1,-1,-1,-1,-1,-1,-1,-1,-1,-1,-1,-1,-1,-1,-1,-1,-1,-1,-1,-1,-1,-1,-1,-1,-1,-1,-1,-1,-1,-1
29,15,58.2,36.6,5.20,-1,1.284130437,2.65,,0,0.5154,9.5815,0.2622,14.9443,0,0.5154,15.7466,0.2673,24.4853,0.0375,0.5154,12.9792,0.3956,18.9146,0,0.5154,12.804,0.2882,19.6707,-1,-1,-1,-1,-1,0,0.5154,0.7892,0.19,1.2919,-1,-1,-1,-1,-1,0.01,0.392,0.0249,1.1689,0.1445,2.1685,0,0.5133,0.0156,0.3785,1,-1,-1,-1,-1,-1,-1,-1,-1,-1,-1,-1,-1,-1,-1,-1,-1,-1,-1,-1,-1,-1,-1,-1,-1,-1,-1,-1,-1,-1,-1,-1,-1,-1,-1,-1,-1,-1,-1,-1,-1,-1,-1,-1
30,15,62.4,27.2,10.40,-1,1.284130437,2.65,,0,0.5154,3.6991,0.2087,5.9738,0,0.5154,16.4822,0.2421,26.0304,0.0586,0.5154,9.206,0.3703,13.5669,0,0.5154,13.9704,0.2642,21.7632,-1,-1,-1,-1,-1,0,0.5154,1.258,0.19,2.0592,-1,-1,-1,-1,-1,0.01,0.392,0.0249,1.1689,0.1445,2.1685,0,0.515,0.0081,0.3785,1,-1,-1,-1,-1,-1,-1,-1,-1,-1,-1,-1,-1,-1,-1,-1,-1,-1,-1,-1,-1,-1,-1,-1,-1,-1,-1,-1,-1,-1,-1,-1,-1,-1,-1,-1,-1,-1,-1,-1,-1,-1,-1,-1
31,15,50.4,34.5,15.10,-1,1.284130437,2.65,,0,0.5154,6.3674,0.2007,10.3418,0,0.5154,21.9174,0.189,35.9039,0.0708,0.5154,12.8336,0.3426,19.1629,0,0.5154,11.9163,0.2026,19.3283,-1,-1,-1,-1,-1,0,0.5154,3.6304,0.19,5.9428,-1,-1,-1,-1,-1,0.01,0.392,0.0249,1.1689,0.1445,2.1685,0,0.5174,0.0045,0.3785,1,-1,-1,-1,-1,-1,-1,-1,-1,-1,-1,-1,-1,-1,-1,-1,-1,-1,-1,-1,-1,-1,-1,-1,-1,-1,-1,-1,-1,-1,-1,-1,-1,-1,-1,-1,-1,-1,-1,-1,-1,-1,-1,-1
32,15,51.3,40.0,8.70,-1,1.284130437,2.65,,0,0.5154,10.4385,0.2436,16.4699,0,0.5154,18.8728,0.2239,30.1623,0.0489,0.5154,14.3538,0.3739,21.1188,0,0.5154,11.8815,0.2365,18.8322,-1,-1,-1,-1,-1,0,0.5154,1.7306,0.19,2.8329,-1,-1,-1,-1,-1,0.01,0.392,0.0249,1.1689,0.1445,2.1685,0,0.5143,0.01,0.3785,1,-1,-1,-1,-1,-1,-1,-1,-1,-1,-1,-1,-1,-1,-1,-1,-1,-1,-1,-1,-1,-1,-1,-1,-1,-1,-1,-1,-1,-1,-1,-1,-1,-1,-1,-1,-1,-1,-1,-1,-1,-1,-1,-1
33,15,39.3,42.5,18.30,-1,1.305000012,2.65,,0,0.5075,12.6785,0.2054,20.5229,0,0.5075,29.7901,0.157,50.0426,0.0771,0.5075,19.8775,0.328,29.8968,0,0.5075,10.3427,0.1603,17.3263,-1,-1,-1,-1,-1,0,0.5075,8.7959,0.19,14.3984,-1,-1,-1,-1,-1,0.01,0.392,0.0249,1.1689,0.1445,2.1685,0,0.5078,0.0027,0.3855,1,-1,-1,-1,-1,-1,-1,-1,-1,-1,-1,-1,-1,-1,-1,-1,-1,-1,-1,-1,-1,-1,-1,-1,-1,-1,-1,-1,-1,-1,-1,-1,-1,-1,-1,-1,-1,-1,-1,-1,-1,-1,-1,-1
34,15,46.2,38.7,15.10,-1,1.305000012,2.65,,0,0.5075,9.4278,0.2097,15.2151,0,0.5075,24.8182,0.1813,40.8938,0.0697,0.5075,15.668,0.3437,23.3822,0,0.5075,11.6302,0.1889,19.0536,-1,-1,-1,-1,-1,0,0.5075,5.0541,0.19,8.2733,-1,-1,-1,-1,-1,0.01,0.392,0.0249,1.1689,0.1445,2.1685,0,0.5057,0.004,0.3855,1,-1,-1,-1,-1,-1,-1,-1,-1,-1,-1,-1,-1,-1,-1,-1,-1,-1,-1,-1,-1,-1,-1,-1,-1,-1,-1,-1,-1,-1,-1,-1,-1,-1,-1,-1,-1,-1,-1,-1,-1,-1,-1,-1
35,15,45.1,43.6,11.20,-1,1.305000012,2.65,,0,0.5075,13.4468,0.2374,21.3002,0,0.5075,23.1349,0.1963,37.6943,0.0563,0.5075,17.2845,0.3617,25.5737,0,0.5075,11.3484,0.2028,18.4046,-1,-1,-1,-1,-1,0,0.5075,3.5396,0.19,5.7942,-1,-1,-1,-1,-1,0.01,0.392,0.0249,1.1689,0.1445,2.1685,0,0.5036,0.0066,0.3855,1,-1,-1,-1,-1,-1,-1,-1,-1,-1,-1,-1,-1,-1,-1,-1,-1,-1,-1,-1,-1,-1,-1,-1,-1,-1,-1,-1,-1,-1,-1,-1,-1,-1,-1,-1,-1,-1,-1,-1,-1,-1,-1,-1
36,15,48.9,38.6,12.50,-1,1.305000012,2.65,,0,0.5075,9.4047,0.2208,15.0616,0,0.5075,22.4175,0.1983,36.4735,0.062,0.5075,14.766,0.3569,21.8967,0,0.5075,12.0659,0.2073,19.5057,-1,-1,-1,-1,-1,0,0.5075,3.4721,0.19,5.6836,-1,-1,-1,-1,-1,0.01,0.392,0.0249,1.1689,0.1445,2.1685,0,0.5042,0.0056,0.3855,1,-1,-1,-1,-1,-1,-1,-1,-1,-1,-1,-1,-1,-1,-1,-1,-1,-1,-1,-1,-1,-1,-1,-1,-1,-1,-1,-1,-1,-1,-1,-1,-1,-1,-1,-1,-1,-1,-1,-1,-1,-1,-1,-1
37,15,54.4,35.4,10.20,-1,1.264540812,2.65,,0,0.5228,6.7736,0.2261,10.8096,0,0.5228,17.7347,0.2229,28.362,0.0551,0.5228,12.076,0.3665,17.8281,0,0.5228,12.0795,0.2387,19.118,-1,-1,-1,-1,-1,0,0.5228,1.5325,0.19,2.5086,-1,-1,-1,-1,-1,0.01,0.392,0.0249,1.1689,0.1445,2.1685,0,0.5259,0.0091,0.3719,1,-1,-1,-1,-1,-1,-1,-1,-1,-1,-1,-1,-1,-1,-1,-1,-1,-1,-1,-1,-1,-1,-1,-1,-1,-1,-1,-1,-1,-1,-1,-1,-1,-1,-1,-1,-1,-1,-1,-1,-1,-1,-1,-1
38,15,70.0,24.4,5.60,-1,1.264540812,2.65,,0,0.5228,3.476,0.2401,5.4967,0,0.5228,12.797,0.3086,19.4424,0.0424,0.5228,8.7684,0.4029,12.7385,0,0.5228,14.4186,0.3308,21.655,-1,-1,-1,-1,-1,0,0.5228,0.3676,0.19,0.6017,-1,-1,-1,-1,-1,0.025,0.366,0.043,1.5206,0.3424,5.3988,0,0.5244,0.016,0.3719,1,-1,-1,-1,-1,-1,-1,-1,-1,-1,-1,-1,-1,-1,-1,-1,-1,-1,-1,-1,-1,-1,-1,-1,-1,-1,-1,-1,-1,-1,-1,-1,-1,-1,-1,-1,-1,-1,-1,-1,-1,-1,-1,-1
39,15,68.0,24.7,7.40,-1,1.264540812,2.65,,0,0.5228,3.1527,0.2245,5.0366,0,0.5228,13.6755,0.2837,21.0633,0.0488,0.5228,8.4679,0.3897,12.3717,0,0.5228,14.2956,0.3068,21.7396,-1,-1,-1,-1,-1,0,0.5228,0.5385,0.19,0.8815,-1,-1,-1,-1,-1,0.025,0.366,0.043,1.5206,0.3424,5.3988,0,0.5249,0.0128,0.3719,1,-1,-1,-1,-1,-1,-1,-1,-1,-1,-1,-1,-1,-1,-1,-1,-1,-1,-1,-1,-1,-1,-1,-1,-1,-1,-1,-1,-1,-1,-1,-1,-1,-1,-1,-1,-1,-1,-1,-1,-1,-1,-1,-1
40,15,81.8,13.6,4.60,-1,1.264540812,2.65,,0,0.5228,1.4347,0.2348,2.2764,0,0.5228,10.4993,0.3803,15.4033,0.0419,0.5228,6.5596,0.4237,9.4479,0,0.5228,16.1651,0.3957,23.5564,-1,-1,-1,-1,-1,0,0.5228,0.1438,0.19,0.2353,-1,-1,-1,-1,-1,0.025,0.366,0.043,1.5206,0.3424,5.3988,0,0.5242,0.0182,0.3719,1,-1,-1,-1,-1,-1,-1,-1,-1,-1,-1,-1,-1,-1,-1,-1,-1,-1,-1,-1,-1,-1,-1,-1,-1,-1,-1,-1,-1,-1,-1,-1,-1,-1,-1,-1,-1,-1,-1,-1,-1,-1,-1,-1
41,15,57.7,30.5,11.80,-1,1.305000012,2.65,,0,0.5075,5.0899,0.2076,8.2266,0,0.5075,19.1725,0.2212,30.6968,0.0625,0.5075,10.7828,0.3628,15.9461,0,0.5075,13.6866,0.2387,21.6623,-1,-1,-1,-1,-1,0,0.5075,2.1929,0.19,3.5897,-1,-1,-1,-1,-1,0.01,0.392,0.0249,1.1689,0.1445,2.1685,0,0.5038,0.0062,0.3855,1,-1,-1,-1,-1,-1,-1,-1,-1,-1,-1,-1,-1,-1,-1,-1,-1,-1,-1,-1,-1,-1,-1,-1,-1,-1,-1,-1,-1,-1,-1,-1,-1,-1,-1,-1,-1,-1,-1,-1,-1,-1,-1,-1
42,15,70.6,19.7,9.70,-1,1.305000012,2.65,,0,0.5075,2.07,0.1987,3.367,0,0.5075,14.8829,0.2723,23.0748,0.0592,0.5075,7.1232,0.3799,10.4521,0,0.5075,15.8913,0.2994,24.2632,-1,-1,-1,-1,-1,0,0.5075,0.89,0.19,1.4569,-1,-1,-1,-1,-1,0.025,0.366,0.043,1.5206,0.3424,5.3988,0,0.5029,0.0081,0.3855,1,-1,-1,-1,-1,-1,-1,-1,-1,-1,-1,-1,-1,-1,-1,-1,-1,-1,-1,-1,-1,-1,-1,-1,-1,-1,-1,-1,-1,-1,-1,-1,-1,-1,-1,-1,-1,-1,-1,-1,-1,-1,-1,-1
43,15,70.6,19.7,9.70,-1,1.305000012,2.65,,0,0.5075,2.07,0.1987,3.367,0,0.5075,14.8829,0.2723,23.0748,0.0592,0.5075,7.1232,0.3799,10.4521,0,0.5075,15.8913,0.2994,24.2632,-1,-1,-1,-1,-1,0,0.5075,0.89,0.19,1.4569,-1,-1,-1,-1,-1,0.025,0.366,0.043,1.5206,0.3424,5.3988,0,0.5029,0.0081,0.3855,1,-1,-1,-1,-1,-1,-1,-1,-1,-1,-1,-1,-1,-1,-1,-1,-1,-1,-1,-1,-1,-1,-1,-1,-1,-1,-1,-1,-1,-1,-1,-1,-1,-1,-1,-1,-1,-1,-1,-1,-1,-1,-1,-1
44,15,52.2,33.3,14.50,-1,1.305000012,2.65,,0,0.5075,6.2449,0.2007,10.1431,0,0.5075,22.2456,0.1952,36.2757,0.0697,0.5075,12.499,0.3472,18.6216,0,0.5075,12.7764,0.2089,20.6305,-1,-1,-1,-1,-1,0,0.5075,3.7445,0.19,6.1295,-1,-1,-1,-1,-1,0.01,0.392,0.0249,1.1689,0.1445,2.1685,0,0.5053,0.0043,0.3855,1,-1,-1,-1,-1,-1,-1,-1,-1,-1,-1,-1,-1,-1,-1,-1,-1,-1,-1,-1,-1,-1,-1,-1,-1,-1,-1,-1,-1,-1,-1,-1,-1,-1,-1,-1,-1,-1,-1,-1,-1,-1,-1,-1
45,15,42.6,47.7,9.7,-1,1.19973683,2.65,,0,0.5473,13.0236,0.2524,20.4353,0,0.5473,17.5063,0.1977,28.4951,0.0489,0.5473,16.5353,0.358,24.5084,0,0.5473,9.0323,0.2121,14.5519,-1,-1,-1,-1,-1,0,0.5473,1.4459,0.19,2.3668,-1,-1,-1,-1,-1,0.01,0.392,0.0249,1.1689,0.1445,2.1685,0,0.5623,0.0128,0.3501,1,-1,-1,-1,-1,-1,-1,-1,-1,-1,-1,-1,-1,-1,-1,-1,-1,-1,-1,-1,-1,-1,-1,-1,-1,-1,-1,-1,-1,-1,-1,-1,-1,-1,-1,-1,-1,-1,-1,-1,-1,-1,-1,-1
46,15,42.6,47.7,9.7,-1,1.19973683,2.65,,0,0.5473,13.0236,0.2524,20.4353,0,0.5473,17.5063,0.1977,28.4951,0.0489,0.5473,16.5353,0.358,24.5084,0,0.5473,9.0323,0.2121,14.5519,-1,-1,-1,-1,-1,0,0.5473,1.4459,0.19,2.3668,-1,-1,-1,-1,-1,0.01,0.392,0.0249,1.1689,0.1445,2.1685,0,0.5623,0.0128,0.3501,1,-1,-1,-1,-1,-1,-1,-1,-1,-1,-1,-1,-1,-1,-1,-1,-1,-1,-1,-1,-1,-1,-1,-1,-1,-1,-1,-1,-1,-1,-1,-1,-1,-1,-1,-1,-1,-1,-1,-1,-1,-1,-1,-1
47,15,42.6,47.7,9.7,-1,1.19973683,2.65,,0,0.5473,13.0236,0.2524,20.4353,0,0.5473,17.5063,0.1977,28.4951,0.0489,0.5473,16.5353,0.358,24.5084,0,0.5473,9.0323,0.2121,14.5519,-1,-1,-1,-1,-1,0,0.5473,1.4459,0.19,2.3668,-1,-1,-1,-1,-1,0.01,0.392,0.0249,1.1689,0.1445,2.1685,0,0.5623,0.0128,0.3501,1,-1,-1,-1,-1,-1,-1,-1,-1,-1,-1,-1,-1,-1,-1,-1,-1,-1,-1,-1,-1,-1,-1,-1,-1,-1,-1,-1,-1,-1,-1,-1,-1,-1,-1,-1,-1,-1,-1,-1,-1,-1,-1,-1
48,15,43,38.5,18.6,-1,1.19973683,2.65,,0,0.5473,6.5796,0.1958,10.7243,0,0.5473,19.9698,0.1622,33.4036,0.0782,0.5473,14.2827,0.3224,21.5431,0,0.5473,8.8092,0.1764,14.5702,-1,-1,-1,-1,-1,0,0.5473,3.4283,0.19,5.612,-1,-1,-1,-1,-1,0.01,0.392,0.0249,1.1689,0.1445,2.1685,0,0.5674,0.0045,0.3501,1,-1,-1,-1,-1,-1,-1,-1,-1,-1,-1,-1,-1,-1,-1,-1,-1,-1,-1,-1,-1,-1,-1,-1,-1,-1,-1,-1,-1,-1,-1,-1,-1,-1,-1,-1,-1,-1,-1,-1,-1,-1,-1,-1
49,15,32.6,48,19.3,-1,1.313235318,2.65,,0,0.5044,18.8758,0.2136,30.3798,0,0.5044,34.95,0.1422,59.4492,0.0778,0.5044,25.9007,0.3234,39.0472,0,0.5044,9.3411,0.1423,15.8876,-1,-1,-1,-1,-1,0,0.5044,12.842,0.19,21.0216,-1,-1,-1,-1,-1,0.01,0.392,0.0249,1.1689,0.1445,2.1685,0,0.504,0.0022,0.3882,1,-1,-1,-1,-1,-1,-1,-1,-1,-1,-1,-1,-1,-1,-1,-1,-1,-1,-1,-1,-1,-1,-1,-1,-1,-1,-1,-1,-1,-1,-1,-1,-1,-1,-1,-1,-1,-1,-1,-1,-1,-1,-1,-1
50,15,29.9,54.1,16,-1,1.313235318,2.65,,0,0.5044,24.4641,0.2377,38.7442,0,0.5044,33.8429,0.1475,57.3033,0.0673,0.5044,28.3433,0.3373,42.4311,0,0.5044,9.0022,0.1478,15.2386,-1,-1,-1,-1,-1,0,0.5044,10.5921,0.19,17.3387,-1,-1,-1,-1,-1,0.01,0.392,0.0249,1.1689,0.1445,2.1685,0,0.5016,0.0034,0.3882,1,-1,-1,-1,-1,-1,-1,-1,-1,-1,-1,-1,-1,-1,-1,-1,-1,-1,-1,-1,-1,-1,-1,-1,-1,-1,-1,-1,-1,-1,-1,-1,-1,-1,-1,-1,-1,-1,-1,-1,-1,-1,-1,-1
51,15,37.1,37.5,25.4,-1,1.313235318,2.65,,0,0.5044,12.04,0.1727,19.9709,0,0.5044,37.4023,0.1319,64.1996,0.0945,0.5044,21.9936,0.2924,33.7098,0,0.5044,10.1027,0.1362,17.275,-1,-1,-1,-1,-1,0,0.5044,18.2886,0.19,29.9373,-1,-1,-1,-1,-1,0.01,0.392,0.0249,1.1689,0.1445,2.1685,0,0.5096,0.001,0.3882,1,-1,-1,-1,-1,-1,-1,-1,-1,-1,-1,-1,-1,-1,-1,-1,-1,-1,-1,-1,-1,-1,-1,-1,-1,-1,-1,-1,-1,-1,-1,-1,-1,-1,-1,-1,-1,-1,-1,-1,-1,-1,-1,-1
52,15,32.1,49.8,18.1,-1,1.313235318,2.65,,0,0.5044,20.2198,0.2214,32.37,0,0.5044,34.2705,0.145,58.1536,0.0742,0.5044,26.3348,0.3288,39.5928,0,0.5044,9.2866,0.145,15.7587,-1,-1,-1,-1,-1,0,0.5044,11.7924,0.19,19.3035,-1,-1,-1,-1,-1,0.01,0.392,0.0249,1.1689,0.1445,2.1685,0,0.5031,0.0026,0.3882,1,-1,-1,-1,-1,-1,-1,-1,-1,-1,-1,-1,-1,-1,-1,-1,-1,-1,-1,-1,-1,-1,-1,-1,-1,-1,-1,-1,-1,-1,-1,-1,-1,-1,-1,-1,-1,-1,-1,-1,-1,-1,-1,-1
53,15,65,27.9,7.1,-1,1.33705879,2.65,,0,0.4954,5.337,0.2327,8.4799,0,0.4954,16.2833,0.2756,25.1971,0.0482,0.4954,10.2912,0.3973,14.9861,0,0.4954,15.3135,0.292,23.4764,-1,-1,-1,-1,-1,0,0.4954,1.0836,0.19,1.7737,-1,-1,-1,-1,-1,0.01,0.392,0.0249,1.1689,0.1445,2.1685,0,0.4839,0.0098,0.3963,1,-1,-1,-1,-1,-1,-1,-1,-1,-1,-1,-1,-1,-1,-1,-1,-1,-1,-1,-1,-1,-1,-1,-1,-1,-1,-1,-1,-1,-1,-1,-1,-1,-1,-1,-1,-1,-1,-1,-1,-1,-1,-1,-1
54,15,43.9,38.2,17.9,-1,1.33705879,2.65,,0,0.4954,10.6125,0.1979,17.2716,0,0.4954,30.2443,0.1662,50.4256,0.0777,0.4954,17.6517,0.3309,26.5094,0,0.4954,12.1886,0.1708,20.2476,-1,-1,-1,-1,-1,0,0.4954,9.2946,0.19,15.2147,-1,-1,-1,-1,-1,0.01,0.392,0.0249,1.1689,0.1445,2.1685,0,0.4895,0.0024,0.3963,1,-1,-1,-1,-1,-1,-1,-1,-1,-1,-1,-1,-1,-1,-1,-1,-1,-1,-1,-1,-1,-1,-1,-1,-1,-1,-1,-1,-1,-1,-1,-1,-1,-1,-1,-1,-1,-1,-1,-1,-1,-1,-1,-1
55,15,59,36.9,4.1,-1,1.33705879,2.65,,0,0.4954,12.0483,0.2721,18.6813,0,0.4954,16.7417,0.2786,25.861,0.0341,0.4954,14.0711,0.4084,20.3948,0,0.4954,13.8435,0.3007,21.1216,-1,-1,-1,-1,-1,0,0.4954,0.9872,0.19,1.616,-1,-1,-1,-1,-1,0.01,0.392,0.0249,1.1689,0.1445,2.1685,0,0.4832,0.0146,0.3963,1,-1,-1,-1,-1,-1,-1,-1,-1,-1,-1,-1,-1,-1,-1,-1,-1,-1,-1,-1,-1,-1,-1,-1,-1,-1,-1,-1,-1,-1,-1,-1,-1,-1,-1,-1,-1,-1,-1,-1,-1,-1,-1,-1
56,15,55.5,34.4,10.1,-1,1.33705879,2.65,,0,0.4954,7.9948,0.2247,12.7704,0,0.4954,20.537,0.2262,32.7708,0.0562,0.4954,12.8952,0.3745,18.9675,0,0.4954,13.9786,0.2377,22.1379,-1,-1,-1,-1,-1,0,0.4954,2.5627,0.19,4.195,-1,-1,-1,-1,-1,0.01,0.392,0.0249,1.1689,0.1445,2.1685,0,0.485,0.0066,0.3963,1,-1,-1,-1,-1,-1,-1,-1,-1,-1,-1,-1,-1,-1,-1,-1,-1,-1,-1,-1,-1,-1,-1,-1,-1,-1,-1,-1,-1,-1,-1,-1,-1,-1,-1,-1,-1,-1,-1,-1,-1,-1,-1,-1
57,15,50.4,40.8,8.8,-1,1.313333339,2.65,,0,0.5044,11.9977,0.2445,18.9193,0,0.5044,20.53,0.221,32.8742,0.0494,0.5044,15.3619,0.3759,22.5816,0,0.5044,12.3749,0.231,19.6846,-1,-1,-1,-1,-1,0,0.5044,2.3012,0.19,3.7669,-1,-1,-1,-1,-1,0.01,0.392,0.0249,1.1689,0.1445,2.1685,0,0.4979,0.0087,0.3883,1,-1,-1,-1,-1,-1,-1,-1,-1,-1,-1,-1,-1,-1,-1,-1,-1,-1,-1,-1,-1,-1,-1,-1,-1,-1,-1,-1,-1,-1,-1,-1,-1,-1,-1,-1,-1,-1,-1,-1,-1,-1,-1,-1
58,15,52.3,43.1,4.6,-1,1.313333339,2.65,,0,0.5044,16.281,0.2758,25.1898,0,0.5044,18.0782,0.2522,28.3695,0.0336,0.5044,16.2403,0.3959,23.6638,0,0.5044,12.3957,0.2735,19.2048,-1,-1,-1,-1,-1,0,0.5044,1.2497,0.19,2.0458,-1,-1,-1,-1,-1,0.01,0.392,0.0249,1.1689,0.1445,2.1685,0,0.4967,0.015,0.3883,1,-1,-1,-1,-1,-1,-1,-1,-1,-1,-1,-1,-1,-1,-1,-1,-1,-1,-1,-1,-1,-1,-1,-1,-1,-1,-1,-1,-1,-1,-1,-1,-1,-1,-1,-1,-1,-1,-1,-1,-1,-1,-1,-1
59,15,51.5,39.8,8.7,-1,1.313333339,2.65,,0,0.5044,11.2549,0.2432,17.7622,0,0.5044,20.1211,0.2244,32.1463,0.0494,0.5044,14.8506,0.377,21.819,0,0.5044,12.5584,0.235,19.9242,-1,-1,-1,-1,-1,0,0.5044,2.1627,0.19,3.5403,-1,-1,-1,-1,-1,0.01,0.392,0.0249,1.1689,0.1445,2.1685,0,0.4978,0.0088,0.3883,1,-1,-1,-1,-1,-1,-1,-1,-1,-1,-1,-1,-1,-1,-1,-1,-1,-1,-1,-1,-1,-1,-1,-1,-1,-1,-1,-1,-1,-1,-1,-1,-1,-1,-1,-1,-1,-1,-1,-1,-1,-1,-1,-1
60,15,55,33.9,11.1,-1,1.313333339,2.65,,0,0.5044,6.9579,0.2182,11.1632,0,0.5044,20.0918,0.2191,32.2149,0.0593,0.5044,12.3338,0.3666,18.2076,0,0.5044,13.3401,0.2324,21.2,-1,-1,-1,-1,-1,0,0.5044,2.4406,0.19,3.9952,-1,-1,-1,-1,-1,0.01,0.392,0.0249,1.1689,0.1445,2.1685,0,0.4988,0.0065,0.3883,1,-1,-1,-1,-1,-1,-1,-1,-1,-1,-1,-1,-1,-1,-1,-1,-1,-1,-1,-1,-1,-1,-1,-1,-1,-1,-1,-1,-1,-1,-1,-1,-1,-1,-1,-1,-1,-1,-1,-1,-1,-1,-1,-1
61,15,56.5,33.5,10,-1,1.27470589,2.65,,0,0.519,6.0838,0.2235,9.7257,0,0.519,17.523,0.2294,27.9035,0.0552,0.519,11.4378,0.3693,16.8639,0,0.519,12.6571,0.2461,19.9384,-1,-1,-1,-1,-1,0,0.519,1.4728,0.19,2.4109,-1,-1,-1,-1,-1,0.01,0.392,0.0249,1.1689,0.1445,2.1685,0,0.5201,0.0089,0.3753,1,-1,-1,-1,-1,-1,-1,-1,-1,-1,-1,-1,-1,-1,-1,-1,-1,-1,-1,-1,-1,-1,-1,-1,-1,-1,-1,-1,-1,-1,-1,-1,-1,-1,-1,-1,-1,-1,-1,-1,-1,-1,-1,-1
62,15,55.2,35.2,9.6,-1,1.27470589,2.65,,0,0.519,7.0083,0.2292,11.1614,0,0.519,17.726,0.2285,28.2423,0.0533,0.519,12.1199,0.3708,17.8577,0,0.519,12.4041,0.244,19.5652,-1,-1,-1,-1,-1,0,0.519,1.4917,0.19,2.4418,-1,-1,-1,-1,-1,0.01,0.392,0.0249,1.1689,0.1445,2.1685,0,0.52,0.0093,0.3753,1,-1,-1,-1,-1,-1,-1,-1,-1,-1,-1,-1,-1,-1,-1,-1,-1,-1,-1,-1,-1,-1,-1,-1,-1,-1,-1,-1,-1,-1,-1,-1,-1,-1,-1,-1,-1,-1,-1,-1,-1,-1,-1,-1
63,15,66.4,22,11.6,-1,1.27470589,2.65,,0,0.519,2.1456,0.1915,3.5081,0,0.519,15.5735,0.244,24.5646,0.064,0.519,7.4078,0.3633,10.9524,0,0.519,14.6088,0.2742,22.624,-1,-1,-1,-1,-1,0,0.519,1.1156,0.19,1.8262,-1,-1,-1,-1,-1,0.025,0.366,0.043,1.5206,0.3424,5.3988,0,0.5208,0.0073,0.3753,1,-1,-1,-1,-1,-1,-1,-1,-1,-1,-1,-1,-1,-1,-1,-1,-1,-1,-1,-1,-1,-1,-1,-1,-1,-1,-1,-1,-1,-1,-1,-1,-1,-1,-1,-1,-1,-1,-1,-1,-1,-1,-1,-1
64,15,59.6,28.3,12.2,-1,1.27470589,2.65,,0,0.519,3.7268,0.2008,6.0526,0,0.519,17.4898,0.2231,27.9665,0.0639,0.519,9.4791,0.3583,14.0474,0,0.519,13.3558,0.2457,21.0449,-1,-1,-1,-1,-1,0,0.519,1.6564,0.19,2.7114,-1,-1,-1,-1,-1,0.01,0.392,0.0249,1.1689,0.1445,2.1685,0,0.5211,0.0067,0.3753,1,-1,-1,-1,-1,-1,-1,-1,-1,-1,-1,-1,-1,-1,-1,-1,-1,-1,-1,-1,-1,-1,-1,-1,-1,-1,-1,-1,-1,-1,-1,-1,-1,-1,-1,-1,-1,-1,-1,-1,-1,-1,-1,-1
65,15,63.5,28.9,7.6,-1,1.30456522,2.65,,0,0.5077,5.0862,0.2306,8.0924,0,0.5077,15.887,0.2664,24.7165,0.049,0.5077,10.1899,0.3895,14.889,0,0.5077,14.3572,0.2847,22.1013,-1,-1,-1,-1,-1,0,0.5077,0.9717,0.19,1.5906,-1,-1,-1,-1,-1,0.01,0.392,0.0249,1.1689,0.1445,2.1685,0,0.5024,0.0106,0.3853,1,-1,-1,-1,-1,-1,-1,-1,-1,-1,-1,-1,-1,-1,-1,-1,-1,-1,-1,-1,-1,-1,-1,-1,-1,-1,-1,-1,-1,-1,-1,-1,-1,-1,-1,-1,-1,-1,-1,-1,-1,-1,-1,-1
66,15,42.1,42.6,15.3,-1,1.30456522,2.65,,0,0.5077,12.3292,0.2172,19.7945,0,0.5077,26.5864,0.1729,44.0939,0.069,0.5077,18.2445,0.3423,27.2457,0,0.5077,10.8515,0.1773,17.9349,-1,-1,-1,-1,-1,0,0.5077,6.0025,0.19,9.8258,-1,-1,-1,-1,-1,0.01,0.392,0.0249,1.1689,0.1445,2.1685,0,0.506,0.0039,0.3853,1,-1,-1,-1,-1,-1,-1,-1,-1,-1,-1,-1,-1,-1,-1,-1,-1,-1,-1,-1,-1,-1,-1,-1,-1,-1,-1,-1,-1,-1,-1,-1,-1,-1,-1,-1,-1,-1,-1,-1,-1,-1,-1,-1
67,15,80.3,11,8.8,-1,1.30456522,2.65,,0,0.5077,0.8953,0.1891,1.4666,0,0.5077,12.4833,0.3197,18.8547,0.059,0.5077,5.1464,0.391,7.5147,0,0.5077,17.4719,0.3488,26.0092,-1,-1,-1,-1,-1,0,0.5077,0.4452,0.19,0.7288,-1,-1,-1,-1,-1,0.025,0.366,0.043,1.5206,0.3424,5.3988,0,0.5028,0.0091,0.3853,1,-1,-1,-1,-1,-1,-1,-1,-1,-1,-1,-1,-1,-1,-1,-1,-1,-1,-1,-1,-1,-1,-1,-1,-1,-1,-1,-1,-1,-1,-1,-1,-1,-1,-1,-1,-1,-1,-1,-1,-1,-1,-1,-1
68,15,70.1,18.7,11.2,-1,1.30456522,2.65,,0,0.5077,1.771,0.1874,2.9046,0,0.5077,15.5042,0.2577,24.2485,0.0644,0.5077,6.7258,0.3693,9.9168,0,0.5077,15.9686,0.2892,24.519,-1,-1,-1,-1,-1,0,0.5077,1.115,0.19,1.8252,-1,-1,-1,-1,-1,0.025,0.366,0.043,1.5206,0.3424,5.3988,0,0.5038,0.0067,0.3853,1,-1,-1,-1,-1,-1,-1,-1,-1,-1,-1,-1,-1,-1,-1,-1,-1,-1,-1,-1,-1,-1,-1,-1,-1,-1,-1,-1,-1,-1,-1,-1,-1,-1,-1,-1,-1,-1,-1,-1,-1,-1,-1,-1
69,15,41.6,44.4,13.9,-1,1.496470592,2.65,,0,0.4353,27.3328,0.2269,43.5953,0,0.4353,43.6038,0.1774,72.0608,0.0658,0.4353,27.1808,0.3621,40.2095,0,0.4353,19.0019,0.1687,31.6178,-1,-1,-1,-1,-1,0,0.4353,24.7174,0.19,40.461,-1,-1,-1,-1,-1,0.01,0.392,0.0249,1.1689,0.1445,2.1685,0,0.397,0.0019,0.4498,1,-1,-1,-1,-1,-1,-1,-1,-1,-1,-1,-1,-1,-1,-1,-1,-1,-1,-1,-1,-1,-1,-1,-1,-1,-1,-1,-1,-1,-1,-1,-1,-1,-1,-1,-1,-1,-1,-1,-1,-1,-1,-1,-1
70,15,57.6,31.7,10.7,-1,1.496470592,2.65,,0,0.4353,11.6839,0.2159,18.7744,0,0.4353,28.0248,0.2277,44.6744,0.0615,0.4353,15.351,0.3901,22.4241,0,0.4353,20.8397,0.2311,33.1463,-1,-1,-1,-1,-1,0,0.4353,8.9282,0.19,14.615,-1,-1,-1,-1,-1,0.01,0.392,0.0249,1.1689,0.1445,2.1685,0,0.3953,0.003,0.4498,1,-1,-1,-1,-1,-1,-1,-1,-1,-1,-1,-1,-1,-1,-1,-1,-1,-1,-1,-1,-1,-1,-1,-1,-1,-1,-1,-1,-1,-1,-1,-1,-1,-1,-1,-1,-1,-1,-1,-1,-1,-1,-1,-1
71,15,39.2,46.4,14.5,-1,1.496470592,2.65,,0,0.4353,30.444,0.2282,48.5174,0,0.4353,46.9162,0.1704,77.9608,0.0667,0.4353,29.6345,0.3572,43.9393,0,0.4353,18.7354,0.1605,31.3812,-1,-1,-1,-1,-1,0,0.4353,28.6755,0.19,46.9401,-1,-1,-1,-1,-1,0.01,0.392,0.0249,1.1689,0.1445,2.1685,0,0.3973,0.0017,0.4498,1,-1,-1,-1,-1,-1,-1,-1,-1,-1,-1,-1,-1,-1,-1,-1,-1,-1,-1,-1,-1,-1,-1,-1,-1,-1,-1,-1,-1,-1,-1,-1,-1,-1,-1,-1,-1,-1,-1,-1,-1,-1,-1,-1
72,15,38.8,43.7,17.6,-1,1.496470592,2.65,,0,0.4353,28.0711,0.2105,45.277,0,0.4353,52.7268,0.1585,88.4616,0.0756,0.4353,30.2839,0.3375,45.3319,0,0.4353,19.4615,0.1486,32.9212,-1,-1,-1,-1,-1,0,0.4353,38.7758,0.19,63.4737,-1,-1,-1,-1,-1,0.01,0.392,0.0249,1.1689,0.1445,2.1685,0,0.3993,0.0011,0.4498,1,-1,-1,-1,-1,-1,-1,-1,-1,-1,-1,-1,-1,-1,-1,-1,-1,-1,-1,-1,-1,-1,-1,-1,-1,-1,-1,-1,-1,-1,-1,-1,-1,-1,-1,-1,-1,-1,-1,-1,-1,-1,-1,-1
73,15,47.9,35.8,16.3,-1,1.180000027,2.65,,0,0.5547,4.9033,0.1987,7.9754,0,0.5547,17.0339,0.1793,28.1097,0.0724,0.5547,11.8321,0.3308,17.7703,0,0.5547,9.4445,0.1987,15.3612,-1,-1,-1,-1,-1,0,0.5547,1.9652,0.19,3.2169,-1,-1,-1,-1,-1,0.01,0.392,0.0249,1.1689,0.1445,2.1685,0,0.5769,0.0065,0.3435,1,-1,-1,-1,-1,-1,-1,-1,-1,-1,-1,-1,-1,-1,-1,-1,-1,-1,-1,-1,-1,-1,-1,-1,-1,-1,-1,-1,-1,-1,-1,-1,-1,-1,-1,-1,-1,-1,-1,-1,-1,-1,-1,-1
74,15,49.7,37.7,12.6,-1,1.180000027,2.65,,0,0.5547,5.8644,0.2185,9.4069,0,0.5547,15.8174,0.1995,25.713,0.0608,0.5547,11.9739,0.3472,17.8392,0,0.5547,9.8261,0.2186,15.7609,-1,-1,-1,-1,-1,0,0.5547,1.2517,0.19,2.0489,-1,-1,-1,-1,-1,0.01,0.392,0.0249,1.1689,0.1445,2.1685,0,0.5747,0.01,0.3435,1,-1,-1,-1,-1,-1,-1,-1,-1,-1,-1,-1,-1,-1,-1,-1,-1,-1,-1,-1,-1,-1,-1,-1,-1,-1,-1,-1,-1,-1,-1,-1,-1,-1,-1,-1,-1,-1,-1,-1,-1,-1,-1,-1
75,15,53.9,34.3,11.8,-1,1.180000027,2.65,,0,0.5547,4.5619,0.2154,7.3333,0,0.5547,14.834,0.2126,23.8906,0.0592,0.5547,10.5426,0.3517,15.6728,0,0.5547,10.567,0.2353,16.7611,-1,-1,-1,-1,-1,0,0.5547,0.9579,0.19,1.5681,-1,-1,-1,-1,-1,0.01,0.392,0.0249,1.1689,0.1445,2.1685,0,0.5743,0.011,0.3435,1,-1,-1,-1,-1,-1,-1,-1,-1,-1,-1,-1,-1,-1,-1,-1,-1,-1,-1,-1,-1,-1,-1,-1,-1,-1,-1,-1,-1,-1,-1,-1,-1,-1,-1,-1,-1,-1,-1,-1,-1,-1,-1,-1
76,15,53.5,32.3,14.2,-1,1.180000027,2.65,,0,0.5547,3.6941,0.1999,6.0035,0,0.5547,15.4233,0.1992,25.0781,0.0672,0.5547,9.9944,0.3403,14.9397,0,0.5547,10.4924,0.2236,16.7727,-1,-1,-1,-1,-1,0,0.5547,1.2677,0.19,2.0751,-1,-1,-1,-1,-1,0.01,0.392,0.0249,1.1689,0.1445,2.1685,0,0.5756,0.0083,0.3435,1,-1,-1,-1,-1,-1,-1,-1,-1,-1,-1,-1,-1,-1,-1,-1,-1,-1,-1,-1,-1,-1,-1,-1,-1,-1,-1,-1,-1,-1,-1,-1,-1,-1,-1,-1,-1,-1,-1,-1,-1,-1,-1,-1
77,15,39.8,48.2,12,-1,1.269117671,2.65,,0,0.5211,15.6906,0.2426,24.7718,0,0.5211,23.1328,0.1815,38.1106,0.057,0.5211,19.3209,0.3536,28.6961,0,0.5211,9.6792,0.188,15.8684,-1,-1,-1,-1,-1,0,0.5211,3.5768,0.19,5.855,-1,-1,-1,-1,-1,0.01,0.392,0.0249,1.1689,0.1445,2.1685,0,0.5242,0.0071,0.3734,1,-1,-1,-1,-1,-1,-1,-1,-1,-1,-1,-1,-1,-1,-1,-1,-1,-1,-1,-1,-1,-1,-1,-1,-1,-1,-1,-1,-1,-1,-1,-1,-1,-1,-1,-1,-1,-1,-1,-1,-1,-1,-1,-1
78,15,42.9,45.7,11.4,-1,1.269117671,2.65,,0,0.5211,13.6101,0.2404,21.5173,0,0.5211,21.8251,0.1906,35.7092,0.0559,0.5211,17.5632,0.3571,26.0427,0,0.5211,10.1941,0.1985,16.5828,-1,-1,-1,-1,-1,0,0.5211,2.9736,0.19,4.8677,-1,-1,-1,-1,-1,0.01,0.392,0.0249,1.1689,0.1445,2.1685,0,0.5239,0.0076,0.3734,1,-1,-1,-1,-1,-1,-1,-1,-1,-1,-1,-1,-1,-1,-1,-1,-1,-1,-1,-1,-1,-1,-1,-1,-1,-1,-1,-1,-1,-1,-1,-1,-1,-1,-1,-1,-1,-1,-1,-1,-1,-1,-1,-1
79,15,42.9,45.7,11.4,-1,1.269117671,2.65,,0,0.5211,13.6101,0.2404,21.5173,0,0.5211,21.8251,0.1906,35.7092,0.0559,0.5211,17.5632,0.3571,26.0427,0,0.5211,10.1941,0.1985,16.5828,-1,-1,-1,-1,-1,0,0.5211,2.9736,0.19,4.8677,-1,-1,-1,-1,-1,0.01,0.392,0.0249,1.1689,0.1445,2.1685,0,0.5239,0.0076,0.3734,1,-1,-1,-1,-1,-1,-1,-1,-1,-1,-1,-1,-1,-1,-1,-1,-1,-1,-1,-1,-1,-1,-1,-1,-1,-1,-1,-1,-1,-1,-1,-1,-1,-1,-1,-1,-1,-1,-1,-1,-1,-1,-1,-1
80,15,41.7,49.5,8.8,-1,1.269117671,2.65,,0,0.5211,17.8968,0.2601,27.9499,0,0.5211,21.078,0.1998,34.2568,0.0461,0.5211,19.0075,0.3666,28.0596,0,0.5211,10.0367,0.2101,16.1927,-1,-1,-1,-1,-1,0,0.5211,2.3711,0.19,3.8813,-1,-1,-1,-1,-1,0.01,0.392,0.0249,1.1689,0.1445,2.1685,0,0.5228,0.0106,0.3734,1,-1,-1,-1,-1,-1,-1,-1,-1,-1,-1,-1,-1,-1,-1,-1,-1,-1,-1,-1,-1,-1,-1,-1,-1,-1,-1,-1,-1,-1,-1,-1,-1,-1,-1,-1,-1,-1,-1,-1,-1,-1,-1,-1
81,15,54.1,34.1,11.8,-1,1.239374995,2.65,,0,0.5323,5.4375,0.2149,8.7434,0,0.5323,17.2662,0.2131,27.7992,0.0603,0.5323,11.274,0.3563,16.7232,0,0.5323,11.583,0.2314,18.4199,-1,-1,-1,-1,-1,0,0.5323,1.5275,0.19,2.5004,-1,-1,-1,-1,-1,0.01,0.392,0.0249,1.1689,0.1445,2.1685,0,0.5408,0.0083,0.3634,1,-1,-1,-1,-1,-1,-1,-1,-1,-1,-1,-1,-1,-1,-1,-1,-1,-1,-1,-1,-1,-1,-1,-1,-1,-1,-1,-1,-1,-1,-1,-1,-1,-1,-1,-1,-1,-1,-1,-1,-1,-1,-1,-1
82,15,45.6,40.1,14.2,-1,1.239374995,2.65,,0,0.5323,8.3917,0.2166,13.4779,0,0.5323,20.348,0.184,33.4598,0.0658,0.5323,14.6119,0.3437,21.8064,0,0.5323,10.0554,0.1955,16.3933,-1,-1,-1,-1,-1,0,0.5323,2.805,0.19,4.5916,-1,-1,-1,-1,-1,0.01,0.392,0.0249,1.1689,0.1445,2.1685,0,0.5421,0.0062,0.3634,1,-1,-1,-1,-1,-1,-1,-1,-1,-1,-1,-1,-1,-1,-1,-1,-1,-1,-1,-1,-1,-1,-1,-1,-1,-1,-1,-1,-1,-1,-1,-1,-1,-1,-1,-1,-1,-1,-1,-1,-1,-1,-1,-1
83,15,44.4,45.5,10.1,-1,1.239374995,2.65,,0,0.5323,12.6094,0.2463,19.8608,0,0.5323,19.1996,0.1999,31.2005,0.0514,0.5323,16.3637,0.3604,24.2259,0,0.5323,9.9081,0.2115,15.9696,-1,-1,-1,-1,-1,0,0.5323,1.9216,0.19,3.1456,-1,-1,-1,-1,-1,0.01,0.392,0.0249,1.1689,0.1445,2.1685,0,0.5401,0.0103,0.3634,1,-1,-1,-1,-1,-1,-1,-1,-1,-1,-1,-1,-1,-1,-1,-1,-1,-1,-1,-1,-1,-1,-1,-1,-1,-1,-1,-1,-1,-1,-1,-1,-1,-1,-1,-1,-1,-1,-1,-1,-1,-1,-1,-1
84,15,56.2,36,7.7,-1,1.239374995,2.65,,0,0.5323,7.2057,0.2428,11.3748,0,0.5323,15.5355,0.2434,24.5151,0.0459,0.5323,11.9484,0.3771,17.5541,0,0.5323,11.8344,0.2625,18.4554,-1,-1,-1,-1,-1,0,0.5323,0.85,0.19,1.3914,-1,-1,-1,-1,-1,0.01,0.392,0.0249,1.1689,0.1445,2.1685,0,0.5392,0.0137,0.3634,1,-1,-1,-1,-1,-1,-1,-1,-1,-1,-1,-1,-1,-1,-1,-1,-1,-1,-1,-1,-1,-1,-1,-1,-1,-1,-1,-1,-1,-1,-1,-1,-1,-1,-1,-1,-1,-1,-1,-1,-1,-1,-1,-1
85,15,42.3,46.2,11.5,-1,1.288737369,2.65,,0,0.5137,14.8716,0.2409,23.5038,0,0.5137,23.2993,0.1889,38.1704,0.0563,0.5137,18.4442,0.358,27.3371,0,0.5137,10.5032,0.1951,17.1287,-1,-1,-1,-1,-1,0,0.5137,3.5982,0.19,5.89,-1,-1,-1,-1,-1,0.01,0.392,0.0249,1.1689,0.1445,2.1685,0,0.5129,0.0069,0.38,1,-1,-1,-1,-1,-1,-1,-1,-1,-1,-1,-1,-1,-1,-1,-1,-1,-1,-1,-1,-1,-1,-1,-1,-1,-1,-1,-1,-1,-1,-1,-1,-1,-1,-1,-1,-1,-1,-1,-1,-1,-1,-1,-1
86,15,55,33.4,11.6,-1,1.288737369,2.65,,0,0.5137,6.096,0.2145,9.8049,0,0.5137,19.1681,0.2162,30.7943,0.0606,0.5137,11.7383,0.3617,17.3677,0,0.5137,12.7728,0.2317,20.3083,-1,-1,-1,-1,-1,0,0.5137,2.1258,0.19,3.4799,-1,-1,-1,-1,-1,0.01,0.392,0.0249,1.1689,0.1445,2.1685,0,0.5129,0.0068,0.38,1,-1,-1,-1,-1,-1,-1,-1,-1,-1,-1,-1,-1,-1,-1,-1,-1,-1,-1,-1,-1,-1,-1,-1,-1,-1,-1,-1,-1,-1,-1,-1,-1,-1,-1,-1,-1,-1,-1,-1,-1,-1,-1,-1
87,15,44.5,40.6,14.9,-1,1.214020639,2.65,,0,0.5419,7.9366,0.2146,12.7651,0,0.5419,19.3692,0.1789,31.9727,0.0675,0.5419,14.4826,0.339,21.6634,0,0.5419,9.4023,0.1917,15.3711,-1,-1,-1,-1,-1,0,0.5419,2.5627,0.19,4.195,-1,-1,-1,-1,-1,0.01,0.392,0.0249,1.1689,0.1445,2.1685,0,0.5568,0.0065,0.3549,1,-1,-1,-1,-1,-1,-1,-1,-1,-1,-1,-1,-1,-1,-1,-1,-1,-1,-1,-1,-1,-1,-1,-1,-1,-1,-1,-1,-1,-1,-1,-1,-1,-1,-1,-1,-1,-1,-1,-1,-1,-1,-1,-1
88,15,44.5,40.6,14.9,-1,1.214020639,2.65,,0,0.5419,7.9366,0.2146,12.7651,0,0.5419,19.3692,0.1789,31.9727,0.0675,0.5419,14.4826,0.339,21.6634,0,0.5419,9.4023,0.1917,15.3711,-1,-1,-1,-1,-1,0,0.5419,2.5627,0.19,4.195,-1,-1,-1,-1,-1,0.01,0.392,0.0249,1.1689,0.1445,2.1685,0,0.5568,0.0065,0.3549,1,-1,-1,-1,-1,-1,-1,-1,-1,-1,-1,-1,-1,-1,-1,-1,-1,-1,-1,-1,-1,-1,-1,-1,-1,-1,-1,-1,-1,-1,-1,-1,-1,-1,-1,-1,-1,-1,-1,-1,-1,-1,-1,-1
89,15,49.1,38.6,12.3,-1,1.214020639,2.65,,0,0.5419,7.014,0.2218,11.2257,0,0.5419,17.4558,0.1997,28.3721,0.0601,0.5419,12.8805,0.3508,19.1562,0,0.5419,10.2453,0.2155,16.4679,-1,-1,-1,-1,-1,0,0.5419,1.6327,0.19,2.6726,-1,-1,-1,-1,-1,0.01,0.392,0.0249,1.1689,0.1445,2.1685,0,0.5554,0.0088,0.3549,1,-1,-1,-1,-1,-1,-1,-1,-1,-1,-1,-1,-1,-1,-1,-1,-1,-1,-1,-1,-1,-1,-1,-1,-1,-1,-1,-1,-1,-1,-1,-1,-1,-1,-1,-1,-1,-1,-1,-1,-1,-1,-1,-1
90,15,50,43.2,6.9,-1,1.203105278,2.65,,0,0.546,10.8811,0.26,16.9944,0,0.546,15.3391,0.2309,24.4002,0.0405,0.546,14.1873,0.3729,20.884,0,0.546,10.2725,0.2517,16.1257,-1,-1,-1,-1,-1,0,0.546,0.7768,0.19,1.2716,-1,-1,-1,-1,-1,0.01,0.392,0.0249,1.1689,0.1445,2.1685,0,0.5594,0.0176,0.3512,1,-1,-1,-1,-1,-1,-1,-1,-1,-1,-1,-1,-1,-1,-1,-1,-1,-1,-1,-1,-1,-1,-1,-1,-1,-1,-1,-1,-1,-1,-1,-1,-1,-1,-1,-1,-1,-1,-1,-1,-1,-1,-1,-1
91,15,41.3,45.3,13.4,-1,1.331470574,2.65,,0,0.4976,15.9245,0.2307,25.3358,0,0.4976,27.8525,0.1788,45.9792,0.0628,0.4976,20.0425,0.3526,29.7818,0,0.4976,11.4076,0.1809,18.802,-1,-1,-1,-1,-1,0,0.4976,6.368,0.19,10.424,-1,-1,-1,-1,-1,0.01,0.392,0.0249,1.1689,0.1445,2.1685,0,0.4897,0.0044,0.3944,1,-1,-1,-1,-1,-1,-1,-1,-1,-1,-1,-1,-1,-1,-1,-1,-1,-1,-1,-1,-1,-1,-1,-1,-1,-1,-1,-1,-1,-1,-1,-1,-1,-1,-1,-1,-1,-1,-1,-1,-1,-1,-1,-1
92,15,50.7,32.9,16.4,-1,1.331470574,2.65,,0,0.4976,6.7683,0.1921,11.0621,0,0.4976,25.5888,0.1837,42.0854,0.0755,0.4976,13.4241,0.3384,20.0855,0,0.4976,13.33,0.1954,21.7331,-1,-1,-1,-1,-1,0,0.4976,5.9613,0.19,9.7583,-1,-1,-1,-1,-1,0.01,0.392,0.0249,1.1689,0.1445,2.1685,0,0.4916,0.003,0.3944,1,-1,-1,-1,-1,-1,-1,-1,-1,-1,-1,-1,-1,-1,-1,-1,-1,-1,-1,-1,-1,-1,-1,-1,-1,-1,-1,-1,-1,-1,-1,-1,-1,-1,-1,-1,-1,-1,-1,-1,-1,-1,-1,-1
93,15,39.3,48.4,12.3,-1,1.331470574,2.65,,0,0.4976,19.1609,0.2417,30.2685,0,0.4976,28.0507,0.1792,46.293,0.0585,0.4976,21.6865,0.3568,32.1609,0,0.4976,11.0429,0.1809,18.2009,-1,-1,-1,-1,-1,0,0.4976,6.1689,0.19,10.0981,-1,-1,-1,-1,-1,0.01,0.392,0.0249,1.1689,0.1445,2.1685,0,0.4892,0.0051,0.3944,1,-1,-1,-1,-1,-1,-1,-1,-1,-1,-1,-1,-1,-1,-1,-1,-1,-1,-1,-1,-1,-1,-1,-1,-1,-1,-1,-1,-1,-1,-1,-1,-1,-1,-1,-1,-1,-1,-1,-1,-1,-1,-1,-1
94,15,44.2,41.7,14.1,-1,1.331470574,2.65,,0,0.4976,12.6763,0.2202,20.3096,0,0.4976,26.9801,0.1817,44.4426,0.0661,0.4976,17.915,0.3501,26.6532,0,0.4976,11.9553,0.1855,19.6365,-1,-1,-1,-1,-1,0,0.4976,6.1018,0.19,9.9883,-1,-1,-1,-1,-1,0.01,0.392,0.0249,1.1689,0.1445,2.1685,0,0.4901,0.004,0.3944,1,-1,-1,-1,-1,-1,-1,-1,-1,-1,-1,-1,-1,-1,-1,-1,-1,-1,-1,-1,-1,-1,-1,-1,-1,-1,-1,-1,-1,-1,-1,-1,-1,-1,-1,-1,-1,-1,-1,-1,-1,-1,-1,-1
95,15,69.2,20.1,10.8,-1,1.129999995,2.65,,0,0.5736,1.0805,0.1923,1.7658,0,0.5736,10.7391,0.2583,16.7893,0.0587,0.5736,6.0785,0.3589,9.0056,0,0.5736,12.6288,0.3008,19.2667,-1,-1,-1,-1,-1,0,0.5736,0.2737,0.19,0.448,-1,-1,-1,-1,-1,0.025,0.366,0.043,1.5206,0.3424,5.3988,0,0.6021,0.0155,0.3267,1,-1,-1,-1,-1,-1,-1,-1,-1,-1,-1,-1,-1,-1,-1,-1,-1,-1,-1,-1,-1,-1,-1,-1,-1,-1,-1,-1,-1,-1,-1,-1,-1,-1,-1,-1,-1,-1,-1,-1,-1,-1,-1,-1
96,15,53.6,28.9,17.4,-1,1.129999995,2.65,,0,0.5736,2.2494,0.1801,3.7099,0,0.5736,13.7499,0.1841,22.6082,0.0765,0.5736,8.6077,0.3223,12.9838,0,0.5736,9.7988,0.2164,15.7401,-1,-1,-1,-1,-1,0,0.5736,1.1739,0.19,1.9216,-1,-1,-1,-1,-1,0.01,0.392,0.0249,1.1689,0.1445,2.1685,0,0.6059,0.0074,0.3267,1,-1,-1,-1,-1,-1,-1,-1,-1,-1,-1,-1,-1,-1,-1,-1,-1,-1,-1,-1,-1,-1,-1,-1,-1,-1,-1,-1,-1,-1,-1,-1,-1,-1,-1,-1,-1,-1,-1,-1,-1,-1,-1,-1
97,15,62.1,26.6,11.2,-1,1.129999995,2.65,,0,0.5736,2.0439,0.2031,3.3139,0,0.5736,11.7098,0.2357,18.5692,0.0583,0.5736,7.6647,0.3536,11.3837,0,0.5736,11.3599,0.2708,17.6275,-1,-1,-1,-1,-1,0,0.5736,0.4096,0.19,0.6705,-1,-1,-1,-1,-1,0.01,0.392,0.0249,1.1689,0.1445,2.1685,0,0.6023,0.0148,0.3267,1,-1,-1,-1,-1,-1,-1,-1,-1,-1,-1,-1,-1,-1,-1,-1,-1,-1,-1,-1,-1,-1,-1,-1,-1,-1,-1,-1,-1,-1,-1,-1,-1,-1,-1,-1,-1,-1,-1,-1,-1,-1,-1,-1
98,15,82.7,12.3,5,-1,1.129999995,2.65,,0,0.5736,0.8104,0.228,1.2917,0,0.5736,8.5662,0.3804,12.5667,0.0403,0.5736,5.9811,0.4128,8.6531,0,0.5736,14.5039,0.4059,21.0441,-1,-1,-1,-1,-1,0,0.5736,0.0493,0.19,0.0807,-1,-1,-1,-1,-1,0.025,0.366,0.043,1.5206,0.3424,5.3988,0,0.6002,0.0295,0.3267,1,-1,-1,-1,-1,-1,-1,-1,-1,-1,-1,-1,-1,-1,-1,-1,-1,-1,-1,-1,-1,-1,-1,-1,-1,-1,-1,-1,-1,-1,-1,-1,-1,-1,-1,-1,-1,-1,-1,-1,-1,-1,-1,-1
99,15,65.9,25.4,8.7,-1,1.299999952,2.65,,0,0.5094,3.5622,0.2162,5.7227,0,0.5094,15.5345,0.2654,24.1837,0.0538,0.5094,8.8722,0.3838,12.9959,0,0.5094,14.8051,0.2867,22.765,-1,-1,-1,-1,-1,0,0.5094,0.9582,0.19,1.5685,-1,-1,-1,-1,-1,0.025,0.366,0.043,1.5206,0.3424,5.3988,0,0.5054,0.0094,0.3838,1,-1,-1,-1,-1,-1,-1,-1,-1,-1,-1,-1,-1,-1,-1,-1,-1,-1,-1,-1,-1,-1,-1,-1,-1,-1,-1,-1,-1,-1,-1,-1,-1,-1,-1,-1,-1,-1,-1,-1,-1,-1,-1,-1
100,15,67.1,26.4,6.5,-1,1.299999952,2.65,,0,0.5094,4.3255,0.2351,6.862,0,0.5094,14.5153,0.2884,22.2971,0.0458,0.5094,9.4696,0.3984,13.7835,0,0.5094,14.7417,0.3079,22.4047,-1,-1,-1,-1,-1,0,0.5094,0.6597,0.19,1.0799,-1,-1,-1,-1,-1,0.025,0.366,0.043,1.5206,0.3424,5.3988,0,0.5047,0.0124,0.3838,1,-1,-1,-1,-1,-1,-1,-1,-1,-1,-1,-1,-1,-1,-1,-1,-1,-1,-1,-1,-1,-1,-1,-1,-1,-1,-1,-1,-1,-1,-1,-1,-1,-1,-1,-1,-1,-1,-1,-1,-1,-1,-1,-1
101,15,67.1,26.4,6.5,-1,1.299999952,2.65,,0,0.5094,4.3255,0.2351,6.862,0,0.5094,14.5153,0.2884,22.2971,0.0458,0.5094,9.4696,0.3984,13.7835,0,0.5094,14.7417,0.3079,22.4047,-1,-1,-1,-1,-1,0,0.5094,0.6597,0.19,1.0799,-1,-1,-1,-1,-1,0.025,0.366,0.043,1.5206,0.3424,5.3988,0,0.5047,0.0124,0.3838,1,-1,-1,-1,-1,-1,-1,-1,-1,-1,-1,-1,-1,-1,-1,-1,-1,-1,-1,-1,-1,-1,-1,-1,-1,-1,-1,-1,-1,-1,-1,-1,-1,-1,-1,-1,-1,-1,-1,-1,-1,-1,-1,-1
102,15,60.8,31.2,8,-1,1.299999952,2.65,,0,0.5094,5.9128,0.2319,9.3997,0,0.5094,16.5827,0.2548,25.9805,0.0496,0.5094,10.9239,0.3849,15.9937,0,0.5094,13.8245,0.272,21.437,-1,-1,-1,-1,-1,0,0.5094,1.137,0.19,1.8612,-1,-1,-1,-1,-1,0.01,0.392,0.0249,1.1689,0.1445,2.1685,0,0.5051,0.0102,0.3838,1,-1,-1,-1,-1,-1,-1,-1,-1,-1,-1,-1,-1,-1,-1,-1,-1,-1,-1,-1,-1,-1,-1,-1,-1,-1,-1,-1,-1,-1,-1,-1,-1,-1,-1,-1,-1,-1,-1,-1,-1,-1,-1,-1
