"","Plot.name","Weight.of.Orig.Flask","Weight.soil.wet","Weight.soil...Flask.after.drying","Weight.soil.after.drying","Weight.flask...sand","Weight.beaker","Weight.beaker...silt","Weight.Sand","Weight.Silt","Weight.Clay","SAND","SILT","CLAY","Bulk.density","Depth","Field_cap","Perm_wilt","X330","X15000","X330.1","X15000.1","X330.2","X15000.2","X330.3","X15000.3","awc","awc1","awc2","awc3","awc4","awc5","X330.4","awc6","x330.5","awc7","x330.6","awc8","x330.7","awc9","x330.8","awc10","x330.9","awc11","x330.10","mean_fc"
"1","DES1014",209.84,16.04,222.96,13.12,216.51,174.92,180.11,6.67,5.19,1.26,50.8,39.6,9.6,1.361473658,15,30.69910219,13.72475305,0.203,0.086,0.159,0.085,0.234,0.038,0.222,0.09,0.1697434914,0.117,0.074,0.196,0.132,0.274730749301814,0.460679136101099,0.316638544564707,0.56124075315886,0.243538091050079,0.319112357884549,0.282145501472741,0.491088817797666,0.218988665667406,0.424593801838425,0.324737540589517,0.692411436552548,0.288655970432938,0.424966366133558,0.381099333587882
"2","DES1014120",209.02,15.58,222.18,13.16,215.75,174.13,178.86,6.73,4.73,1.7,51.1,35.9,12.9,1.361473658,15,18.9299645,11.89830429,0.229,0.107,0.181,0.106,0.255,0.051,0.232,0.114,0.0703166021,0.122,0.075,0.204,0.118,0.26113864921027,0.468576279134695,0.319273438867282,0.596223905934424,0.24427137733533,0.326999583359456,0.284506518300552,0.518930067742149,0.234223619766906,0.454132623230054,0.324737540589517,0.692411436552548,0.310527406806688,0.469465494062274,0.402158126365055
"3","DES1014240",163.92,15.12,176.62,12.7,171.41,172.92,176.88,7.49,3.96,1.25,59,31.2,9.8,1.361473658,15,30.12014606,11.98711766,0.205,0.087,0.161,0.086,0.235,0.039,0.212,0.092,0.181330284,0.118,0.075,0.196,0.12,0.242252736740872,0.426141583859844,0.307164260345625,0.515865397541799,0.216197142569658,0.282289712496551,0.28530287262538,0.464226110973984,0.204649655618638,0.396792112775427,0.324737540589517,0.692411436552548,0.290278236458307,0.428107634013451,0.365348544383055
"4","DES1014360",209.91,16.23,223.36,13.45,218.03,176.4,180.42,8.12,4.02,1.31,60.4,29.9,9.7,1.357659543,15,29.99379439,11.82897497,0.204,0.086,0.16,0.085,0.234,0.038,0.21,0.091,0.1816481942,0.118,0.075,0.196,0.119,0.236746531729561,0.418769294254852,0.304285405800301,0.50518554308693,0.211407478442494,0.275778795758152,0.284730041250261,0.457019029688711,0.200401865731435,0.388556137401443,0.324737540589517,0.692411436552548,0.288193420359595,0.425203892942753,0.360993102698672
"5","DES105",203.81,17.1,220.38,16.57,212.73,179.11,184.87,8.92,5.76,1.89,53.8,34.8,11.4,1.358829756,15,30.50502041,11.85478147,0.217,0.098,0.171,0.096,0.245,0.045,0.224,0.103,0.1865023894,0.119,0.075,0.2,0.121,0.255538365741384,0.451876667928937,0.315536895380576,0.564308184288587,0.233761971006382,0.30946915582801,0.285060325857628,0.496302525528018,0.221123360881227,0.428732730005506,0.324737540589517,0.692411436552548,0.29968577334285,0.447666066891404,0.38616061518391
"6","DES105120",202.17,17.95,219.74,17.57,209.74,174.4,182.63,7.57,8.23,1.77,43.1,46.8,10.1,1.358829756,15,30.81788742,14.8597195,0.207,0.089,0.163,0.088,0.237,0.04,0.234,0.094,0.1595816792,0.118,0.075,0.197,0.14,0.303266838695005,0.494761318367981,0.322152640759054,0.609529754809221,0.270229653980716,0.357043430708316,0.276926265526935,0.519384095326814,0.23480574730123,0.455261301475569,0.324737540589517,0.692411436552548,0.291609099685092,0.431508810530047,0.4000818316155
"7","DES105240",200.63,15.57,215.57,14.94,209.48,176.27,179.34,8.85,3.07,3.02,59.2,20.5,20.2,1.358829756,15,19.21376258,11.74812369,0.28,0.151,0.223,0.148,0.289,0.082,0.245,0.162,0.0746563889,0.129,0.075,0.207,0.083,0.212447053128927,0.478928261809153,0.31493606408752,0.635249209615999,0.224514376437289,0.321870155268285,0.293415509959149,0.532508479672182,0.253039208533979,0.490613882860967,0.324737540589517,0.692411436552548,0.346988908320901,0.564086251926382,0.432060697973229
"8","DES105360",206.62,15.1,221.03,14.41,214.67,350.01,354.98,8.05,4.97,1.39,55.9,34.5,9.6,1.358829756,15,30.41062579,12.73517857,0.203,0.086,0.159,0.085,0.233,0.038,0.215,0.09,0.1767544722,0.117,0.074,0.195,0.125,0.254174791640271,0.437616128255171,0.310510538105666,0.530971028048315,0.226139814462447,0.295479003886405,0.283859281266428,0.472706060839569,0.20864050574824,0.404529911551135,0.324737540589517,0.692411436552548,0.288336061336331,0.425130804087323,0.369894943020042
"9","DES998",205.53,15.57,219.14,13.61,212.66,179.11,184.97,7.13,5.86,0.62,52.4,43.1,4.6,1.414432992,15,48.83120625,27.66561656,0.161,0.051,0.125,0.051,0.197,0.019,0.201,0.052,0.2116558969,0.11,0.074,0.178,0.149,0.306636994597761,0.471129567686871,0.312079492160888,0.504551250451892,0.243050633649644,0.307471573806636,0.279386603303019,0.437273319928237,0.208098601967936,0.4034792225321,0.324737540589517,0.692411436552548,0.26840035415516,0.375597970292717,0.352355849204636
"10","DES998120",205.3,16.71,221.01,15.71,214.75,176.4,181.57,9.45,5.17,1.09,60.2,32.9,6.9,1.414432992,15,31.46542123,16.28061255,0.181,0.067,0.141,0.067,0.218,0.028,0.198,0.07,0.1518480868,0.114,0.074,0.19,0.128,0.259539960005933,0.429494050266379,0.30454087453046,0.482749288027604,0.215896026186022,0.274379446099434,0.287195492146871,0.446243795952709,0.20426154735702,0.396039615554518,0.324737540589517,0.692411436552548,0.287210429456778,0.408250320537181,0.351597086635489
"11","DES998240",202.25,15.65,216.5,14.25,210.13,350.03,355.64,7.88,5.61,0.76,55.3,39.4,5.3,1.414432992,15,34.54013241,23.03515643,0.167,0.056,0.13,0.056,0.204,0.021,0.199,0.058,0.1150497598,0.111,0.074,0.183,0.141,0.288846371260419,0.453451917613355,0.308799672613423,0.494059928898194,0.232873869167061,0.294657081703498,0.282078780870285,0.440161307367128,0.205867081853324,0.399152562033694,0.324737540589517,0.692411436552548,0.274492713552631,0.385976646211951,0.350897352761852
"12","DES998360",173.97,15.39,188.15,14.18,181.41,173.03,178.77,7.44,5.74,1,52.5,40.5,7.1,1.414432992,15,43.66682086,17.28558635,0.182,0.069,0.143,0.068,0.219,0.029,0.209,0.072,0.2638123451,0.113,0.075,0.19,0.137,0.291359860754661,0.46918157608219,0.318390872876062,0.535275537150182,0.242150934516394,0.310153228649469,0.287146705985687,0.475416204037927,0.220860192501366,0.428222476826018,0.324737540589517,0.692411436552548,0.288793505486614,0.41108674243154,0.370431563793625
"13","DIA248",208.32,15.52,223.59,15.27,216.69,178.34,183.37,8.37,5.03,1.87,54.8,32.9,12.2,1.413750038,15,18.57397082,11.4682539,0.224,0.103,0.176,0.101,0.256,0.05,0.222,0.109,0.0710571692,0.121,0.075,0.206,0.113,0.260121153554887,0.47076837878261,0.323995499950282,0.58331343721488,0.236478504798089,0.312679712299458,0.294650705998189,0.519217321012871,0.242405220495989,0.469995804770057,0.324737540589517,0.692411436552548,0.32657289733918,0.484802096780243,0.401017107946606
"14","DIA248120",202.44,16.71,218.77,16.33,210.61,173.76,179.39,8.17,5.63,2.53,50,34.5,15.5,1.413750038,15,31.43448208,11.73714639,0.248,0.123,0.196,0.121,0.274,0.065,0.239,0.132,0.1969733569,0.125,0.075,0.209,0.107,0.268038650631476,0.503557248954214,0.328437771166669,0.644946254613527,0.258022438762985,0.350689546766492,0.29113139670563,0.5626587263804,0.269190037895591,0.521928480904619,0.324737540589517,0.692411436552548,0.347626233948405,0.533730346874195,0.433356549186
"15","DIA248240",204.47,16.17,219.95,15.48,213.55,175.27,179.68,9.08,4.41,1.99,58.7,28.5,12.9,1.413750038,15,42.12739265,10.44734962,0.229,0.107,0.181,0.106,0.26,0.053,0.219,0.114,0.3168004303,0.122,0.075,0.207,0.105,0.243153287354009,0.458966426562515,0.321060809532336,0.570257719151454,0.223349691263832,0.296679987122716,0.297551426833154,0.509640607624889,0.238157797679426,0.461760541103769,0.324737540589517,0.692411436552548,0.330920354916446,0.494251749720452,0.397542587985304
"16","DIA248360",206.22,16.72,222.73,16.51,215.63,171.3,176.79,9.41,5.49,1.61,57,33.3,9.8,1.413750038,15,42.22438994,12.23977879,0.205,0.087,0.161,0.086,0.24,0.04,0.211,0.092,0.2998461115,0.118,0.075,0.2,0.119,0.26030403016292,0.452816731718865,0.317813655596308,0.541120300740542,0.227059435311708,0.294735761956461,0.293154361126597,0.489555258187422,0.225531734514871,0.437280058769434,0.324737540589517,0.692411436552548,0.309251507030802,0.449472650333548,0.379490199841711
"17","DIA333",173.89,15.82,189.33,15.44,182.87,176.84,181.34,8.98,4.5,1.96,58.2,29.1,12.7,1.319744893,15,30.23259927,10.67697413,0.227,0.106,0.179,0.104,0.249,0.049,0.225,0.113,0.1955562514,0.121,0.075,0.2,0.112,0.228267402797446,0.427409390915622,0.306828645033627,0.544817647200847,0.216469426797247,0.2901953436369,0.28288563039849,0.477451815441267,0.2065886383241,0.400551576928981,0.324737540589517,0.692411436552548,0.294020560820104,0.449365758270556,0.378382088086066
"18","DIA333120",200.28,17.34,217.19,16.91,210.26,173.96,178.72,9.98,4.76,2.17,59,28.1,12.8,1.319744893,15,18.2234364,10.64750549,0.228,0.106,0.18,0.105,0.25,0.049,0.224,0.113,0.0757593091,0.122,0.075,0.201,0.111,0.225233897604802,0.424998559280752,0.306164104166855,0.541876770460666,0.213975242066832,0.28703842082418,0.283288415426919,0.475151730643242,0.205635626155656,0.398703796092632,0.324737540589517,0.692411436552548,0.294917109894117,0.451279413461944,0.377587284301451
"19","DIA333240",209.15,15.78,224.56,15.41,217.96,173.03,177.7,8.81,4.67,1.93,57.2,30.3,12.5,1.319744893,15,30.31602596,10.88108134,0.226,0.105,0.178,0.103,0.248,0.048,0.225,0.111,0.1943494462,0.121,0.075,0.2,0.114,0.232315876763164,0.430011730424609,0.307547654569234,0.547718915940481,0.219588352628403,0.293995085565494,0.282276117463638,0.479713554973911,0.207441138783145,0.402204477136723,0.324737540589517,0.692411436552548,0.293137626106873,0.447490717711804,0.379140538027779
"20","DIA333360",205.81,16,221.46,15.65,214.38,173.03,177.74,8.57,4.71,2.37,54.8,30.1,15.1,1.319744893,15,30.95551829,11.00638337,0.245,0.121,0.194,0.119,0.262,0.059,0.237,0.129,0.1994913492,0.124,0.075,0.203,0.108,0.233183705158663,0.450025103553009,0.311335779955549,0.588863232232334,0.229006964365648,0.312938808386278,0.282673343072122,0.506603327085402,0.22332864958303,0.433008530815544,0.324737540589517,0.692411436552548,0.3080197756624,0.48052205093515,0.400215680869115
"21","FC791",523.43,49.46,571.11,47.68,546.07,527.05,544.71,22.64,17.66,7.38,47.5,37,15.5,1.31583334,15,31.58197658,12.13084388,0.248,0.123,0.196,0.121,0.264,0.06,0.248,0.132,0.194511327,0.125,0.075,0.204,0.116,0.257491450245638,0.475377864085443,0.313741168002141,0.626546627828423,0.253596601265469,0.347713342582547,0.275604709258521,0.533792272326389,0.236511210084968,0.458567997395354,0.324737540589517,0.692411436552548,0.308467393760483,0.483248588687136,0.415787102677986
"22","FC791120",172.24,16.85,188.11,15.87,178.79,173.76,179.88,6.55,6.12,3.2,41.3,38.6,20.2,1.31583334,15,44.93729431,13.57703731,0.28,0.151,0.223,0.148,0.284,0.08,0.271,0.162,0.31360257,0.129,0.075,0.204,0.109,0.268297317095455,0.519082809471984,0.309023075977002,0.695645081700162,0.281355194197113,0.399886321580845,0.265014482989385,0.583061114334236,0.268302982398305,0.520208582457425,0.324737540589517,0.692411436552548,0.330079251116113,0.540331449497151,0.455329708690396
"23","FC791240",178.95,15.72,194.26,15.31,186.31,174.18,180.06,7.36,5.88,2.07,48.1,38.4,13.5,1.31583334,15,31.11847671,12.19021442,0.233,0.111,0.184,0.109,0.253,0.052,0.24,0.118,0.1892826229,0.122,0.075,0.201,0.122,0.261354788415042,0.465591743451889,0.313795134210535,0.604099582233428,0.249871241539835,0.337772958281128,0.276217566458312,0.517709038561792,0.226531918914527,0.439219301129285,0.324737540589517,0.692411436552548,0.297090801004299,0.457409474163336,0.402201230397582
"24","FC791360",172.24,16.89,188.74,16.5,180.97,179.11,184.77,8.73,5.66,2.11,52.9,34.3,12.8,1.31583334,15,30.72182521,11.512716,0.228,0.106,0.18,0.105,0.249,0.049,0.232,0.113,0.1920910921,0.122,0.075,0.2,0.119,0.245952350594385,0.445401051817655,0.310795189652849,0.572494091989918,0.233383865363409,0.313606876383247,0.279660063089146,0.495989105656806,0.215046787872584,0.41695095477972,0.324737540589517,0.692411436552548,0.293446738726627,0.449533216752025,0.388671521266538
"25","FC795",171.91,15.48,186.78,14.87,179.98,175.3,178.85,8.07,3.55,3.25,54.3,23.9,21.9,1.305882377,15,44.13655227,12.57394562,0.29,0.16,0.233,0.158,0.289,0.086,0.26,0.172,0.3156260665,0.13,0.075,0.203,0.088,0.216271501028147,0.484541700791703,0.306891981714315,0.653360068141717,0.23661163821724,0.34449262430291,0.281514931526253,0.541573358520827,0.249486293885489,0.483725190546175,0.324737540589517,0.692411436552548,0.332731713814914,0.555521508372923,0.438875080657164
"26","FC795120",209.91,18.2,227.64,17.73,219.5,178.34,184.42,9.59,6.08,2.06,54.1,34.3,11.6,1.305882377,15,30.49795093,11.70945923,0.219,0.099,0.172,0.098,0.241,0.044,0.227,0.105,0.187884917,0.12,0.074,0.197,0.122,0.243702318065099,0.433498807503382,0.307200400980967,0.550061731333219,0.228147323610421,0.304280407596663,0.278138836111735,0.479271626559209,0.204501226203357,0.39650432523379,0.324737540589517,0.692411436552548,0.282438255688281,0.429874793703086,0.376809375316536
"27","FC795240",208.32,16.79,224.05,15.73,216.58,176.03,181.87,8.26,5.84,1.63,52.5,37.1,10.4,1.305882377,15,30.56126173,12.69906457,0.209,0.091,0.165,0.09,0.233,0.039,0.225,0.096,0.1786219716,0.118,0.075,0.194,0.129,0.253805579811817,0.436260249978093,0.307282702605609,0.54530115186144,0.233082678615172,0.308684399563451,0.276206949876804,0.474505136589292,0.201964551854167,0.391586005819103,0.324737540589517,0.692411436552548,0.275569571455192,0.416003848138341,0.372432020772934
"28","FC795360",210.16,15.12,224.27,14.11,219.21,171.67,175.78,9.05,4.11,0.95,64.1,29.1,6.7,1.305882377,15,19.37465909,16.16383646,0.179,0.066,0.14,0.065,0.206,0.025,0.198,0.069,0.0321082263,0.113,0.075,0.181,0.129,0.224820394841339,0.376501680766688,0.279859009273862,0.429898777970461,0.198600177440614,0.254976056691616,0.268457559009979,0.398063374263112,0.165784301206874,0.32143666668786,0.324737540589517,0.692411436552548,0.25228479342207,0.371807416439082,0.324372309942852
"29","NP342360",202.56,15.66,217.52,14.96,211.27,174.18,179.65,8.71,5.47,0.78,58.2,36.6,5.2,1.284130437,15,34.65109238,22.89525034,0.166,0.056,0.13,0.055,0.191,0.019,0.203,0.057,0.1175584204,0.11,0.075,0.172,0.146,0.250014318066765,0.39534614620611,0.283554207860979,0.443413850175995,0.216596311307482,0.278020464358182,0.261520661271115,0.392013752725327,0.163830924971035,0.317649295136606,0.324737540589517,0.692411436552548,0.237171411243428,0.349732955402193,0.323507990959724
"30","NP342",173.36,16.58,189.59,16.23,183.49,174.92,179.33,10.13,4.41,1.69,62.4,27.2,10.4,1.284130437,15,29.67406735,10.95246019,0.209,0.091,0.165,0.09,0.23,0.039,0.214,0.096,0.1872160716,0.118,0.075,0.191,0.118,0.215086366706979,0.391694786407994,0.291933335851202,0.48406886518331,0.201045876764801,0.265698907363983,0.275470867563896,0.433683393807603,0.179006854199911,0.34707367410198,0.324737540589517,0.692411436552548,0.268201408507482,0.408023602268573,0.349150424153272
"31","NP342120",201.56,15.62,216.66,15.1,209.17,175.27,180.48,7.61,5.21,2.28,50.4,34.5,15.1,1.284130437,15,31.32133654,11.66814197,0.245,0.121,0.194,0.119,0.258,0.057,0.244,0.129,0.1965319457,0.124,0.075,0.201,0.115,0.242300930689456,0.452782311622276,0.307819356746096,0.598976788177791,0.239840412839716,0.32875874957696,0.274763066397793,0.510240971920484,0.218938273804203,0.424496097819297,0.324737540589517,0.692411436552548,0.293872424550704,0.462653562832863,0.401029083500202
"32","NP342240",202.25,15.31,217.12,14.87,209.88,175.01,180.96,7.63,5.95,1.29,51.3,40,8.7,1.284130437,15,30.86982192,14.68639498,0.196,0.08,0.154,0.079,0.219,0.032,0.223,0.084,0.1618342694,0.116,0.075,0.187,0.139,0.260996960348264,0.431151840466232,0.302745411702671,0.526944025514071,0.235355659212802,0.309683137489283,0.270854311254202,0.455594538345863,0.190190014512833,0.368756533985897,0.324737540589517,0.692411436552548,0.258406971765872,0.388909201260233,0.360495519419466
"33","NPELECTRICEEL",200.43,16.35,215.88,15.45,206.5,175.01,181.57,6.07,6.56,2.82,39.3,42.5,18.3,1.305000012,15,44.49088551,13.56080435,0.267,0.14,0.213,0.138,0.275,0.071,0.268,0.15,0.3093008116,0.127,0.075,0.204,0.118,0.278220377341332,0.511996955195405,0.309008317834303,0.685523913828868,0.284124629289077,0.397914793723691,0.2626931854001,0.574021334561981,0.259026139257429,0.502221852019854,0.324737540589517,0.692411436552548,0.317531219531501,0.511120886448842,0.445291924757381
"34","NPELECTRICEEL120",166.93,16.03,182.24,15.31,174.01,177.11,183.03,7.08,5.92,2.31,46.2,38.7,15.1,1.305000012,15,31.54806987,12.34864493,0.245,0.121,0.194,0.119,0.26,0.058,0.249,0.129,0.1919942494,0.124,0.075,0.202,0.12,0.261350239356577,0.474462048380585,0.312408936627711,0.625554675562202,0.256349223133875,0.350843084413793,0.273068261591858,0.531547568251962,0.23314315352602,0.452037723626104,0.324737540589517,0.692411436552548,0.302242275300743,0.473268753241353,0.413465935457141
"35","NPELECTRICEEL240",202.8,15.49,218.02,15.22,209.67,178.9,185.54,6.87,6.64,1.71,45.1,43.6,11.2,1.305000012,15,18.92863197,13.71195687,0.216,0.096,0.17,0.095,0.238,0.043,0.238,0.102,0.052166751,0.12,0.075,0.195,0.136,0.278747356932232,0.467777068975363,0.312932419856806,0.593500991342334,0.257592910833135,0.344123221656015,0.272052710413273,0.504877616612824,0.217887157945549,0.422458105226217,0.324737540589517,0.692411436552548,0.280172938788804,0.425538926964175,0.392062487939043
"36","NPELECTRICEEL360",207.91,16.01,223.48,15.57,215.53,173.96,179.97,7.62,6.01,1.94,48.9,38.6,12.5,1.305000012,15,30.90577218,12.29855237,0.226,0.105,0.178,0.103,0.246,0.048,0.237,0.111,0.1860721981,0.121,0.075,0.198,0.126,0.259594139462031,0.455854961793644,0.311444141949018,0.586678432836862,0.24545194576302,0.329953159272874,0.275340252256962,0.503639043618252,0.217091520984933,0.420915456792968,0.324737540589517,0.692411436552548,0.287677671084648,0.441090601648263,0.392503917501401
"37","RAV339",206.22,17.22,221.54,15.32,214.55,171.67,177.09,8.33,5.42,1.57,54.4,35.4,10.2,1.264540812,15,30.4535593,12.49378896,0.208,0.09,0.163,0.089,0.227,0.037,0.225,0.095,0.1795977034,0.118,0.074,0.19,0.13,0.240107835128344,0.415348166545328,0.298584700928627,0.521178003830834,0.224052453842748,0.297501704822004,0.271483143184966,0.454062680752231,0.185847374662136,0.360336655456553,0.324737540589517,0.692411436552548,0.260733727271028,0.39916496758422,0.36027305595852
"38","RAV339120",336.95,NA,362.63,25.68,354.92,351.61,357.88,17.97,6.27,1.44,70,24.4,5.6,1.264540812,15,32.37224579,18.67679921,0.17,0.058,0.132,0.058,0.192,0.02,0.19,0.06,0.1369544658,0.112,0.074,0.172,0.13,0.20109387378753,0.335133664463091,0.253852512063879,0.366809165925175,0.182028194542268,0.231842656294818,0.25457227391838,0.355015527246278,0.141694072974874,0.274728488613863,0.215357824794416,0.249807499449773,0.234806122830919,0.350051210310094,0.258853473845736
"39","RAV339240",202.44,16.14,216.42,13.98,211.94,172.31,175.76,9.5,3.45,1.03,68,24.7,7.4,1.264540812,15,41.98805918,13.57017163,0.185,0.071,0.145,0.07,0.207,0.027,0.198,0.074,0.2841788755,0.114,0.075,0.18,0.124,0.202579739163181,0.352004223767964,0.268039620947149,0.405288877158647,0.185716136190057,0.239932630803333,0.263355901434184,0.381712178084498,0.152354618189942,0.295398058012539,0.215357824794416,0.249807499449773,0.245178188670446,0.369158854509535,0.275300211071481
"40","RAV339360",209.02,15.46,222.3,13.28,219.88,175.01,176.82,10.86,1.81,0.61,81.8,13.6,4.6,1.264540812,15,32.6338306,21.9092382,0.161,0.051,0.125,0.051,0.184,0.017,0.171,0.052,0.107245924,0.11,0.074,0.167,0.119,0.165076463493807,0.278907654079454,0.206376688998367,0.269498546930671,0.152383846537406,0.190115085815194,0.236199945118292,0.303150650945877,0.118550810379853,0.229856367848082,0.215357824794416,0.249807499449773,0.228781053840634,0.339230093578858,0.227415081695264
"41","RAV358",204.3,16.04,219.79,15.49,213.24,179.11,183.83,8.94,4.72,1.83,57.7,30.5,11.8,1.305000012,15,30.20414693,11.01725094,0.22,0.1,0.174,0.099,0.242,0.045,0.223,0.106,0.1918689599,0.12,0.075,0.197,0.117,0.230160899022208,0.420600075559437,0.30380999146315,0.532884705035624,0.216665046568296,0.289040133360522,0.279699400909008,0.467804587392041,0.198940825601657,0.385723348857569,0.324737540589517,0.692411436552548,0.283055093403869,0.431441002577975,0.370809571757792
"42","RAV358120",407.65,30.74,437.32,29.67,428.59,347.7,353.55,20.94,5.85,2.88,70.6,19.7,9.7,1.305000012,15,28.40653525,10.18842961,0.204,0.086,0.16,0.085,0.228,0.037,0.2,0.091,0.1821810564,0.118,0.075,0.191,0.109,0.194052719664494,0.365051878663376,0.277947007037402,0.430062403522589,0.178258011116687,0.232888390402874,0.274639907463706,0.403258990581712,0.167615601523691,0.324987347091595,0.215357824794416,0.249807499449773,0.27053246196109,0.406362280793338,0.291310799136842
"43","RAV358240",407.65,30.74,437.32,29.67,428.59,347.7,353.55,20.94,5.85,2.88,70.6,19.7,9.7,1.305000012,15,28.40653525,10.18842961,0.204,0.086,0.16,0.085,0.228,0.037,0.2,0.091,0.1821810564,0.118,0.075,0.191,0.109,0.194052719664494,0.365051878663376,0.277947007037402,0.430062403522589,0.178258011116687,0.232888390402874,0.274639907463706,0.403258990581712,0.167615601523691,0.324987347091595,0.215357824794416,0.249807499449773,0.27053246196109,0.406362280793338,0.291310799136842
"44","RAV358360",188.35,16.47,204.13,15.78,196.58,174.13,179.39,8.23,5.26,2.29,52.2,33.3,14.5,1.305000012,15,31.06940149,11.39777641,0.241,0.117,0.19,0.115,0.257,0.056,0.239,0.125,0.1967162508,0.124,0.075,0.201,0.114,0.241358082955254,0.451020433220136,0.310281544177169,0.590701579199447,0.235637963184835,0.320927588776081,0.278578942783813,0.507003752422114,0.220229334958815,0.426999316706776,0.324737540589517,0.692411436552548,0.299214415931628,0.466324396255864,0.39839895483027
"45","ROB926",407.86,34.01,441.26,33.4,422.09,351.44,367.36,14.23,15.92,3.25,42.6,47.7,9.7,1.19973683,15,30.83329305,15.35791579,0.204,0.086,0.16,0.085,0.214,0.034,0.242,0.091,0.1547537726,0.118,0.075,0.18,0.151,0.273490900501084,0.442267675074289,0.296461668018707,0.559589195210876,0.25509601268047,0.342423477698847,0.258694148730082,0.466173974588386,0.183804698005075,0.356376140673266,0.324737540589517,0.692411436552548,0.239528453427855,0.376502992659199,0.368704081132492
"46","ROB926120",407.86,34.01,441.26,33.4,422.09,351.44,367.36,14.23,15.92,3.25,42.6,47.7,9.7,1.19973683,15,30.83329305,15.35791579,0.204,0.086,0.16,0.085,0.214,0.034,0.242,0.091,0.1547537726,0.118,0.075,0.18,0.151,0.273490900501084,0.442267675074289,0.296461668018707,0.559589195210876,0.25509601268047,0.342423477698847,0.258694148730082,0.466173974588386,0.183804698005075,0.356376140673266,0.324737540589517,0.692411436552548,0.239528453427855,0.376502992659199,0.368704081132492
"47","ROB926360",407.86,34.01,441.26,33.4,422.09,351.44,367.36,14.23,15.92,3.25,42.6,47.7,9.7,1.19973683,15,30.83329305,15.35791579,0.204,0.086,0.16,0.085,0.214,0.034,0.242,0.091,0.1547537726,0.118,0.075,0.18,0.151,0.273490900501084,0.442267675074289,0.296461668018707,0.559589195210876,0.25509601268047,0.342423477698847,0.258694148730082,0.466173974588386,0.183804698005075,0.356376140673266,0.324737540589517,0.692411436552548,0.239528453427855,0.376502992659199,0.368704081132492
"48","ROB926240",200.16,15.16,214.85,14.69,206.47,172.31,177.96,6.31,5.65,2.73,43,38.5,18.6,1.19973683,15,44.47066026,13.02837409,0.269,0.141,0.214,0.139,0.261,0.067,0.27,0.152,0.3144228617,0.128,0.075,0.194,0.118,0.24454743918347,0.464599171592049,0.292847533225313,0.634479589061118,0.25720939449,0.363364044639409,0.258572582148371,0.527741119902644,0.21656851282297,0.419901404201692,0.324737540589517,0.692411436552548,0.279212026804384,0.4654464868893,0.416540295712615
"49","ROB938",581.02,51.92,630.14,49.12,597.05,699.23,722.83,16.03,23.6,9.49,32.6,48,19.3,1.313235318,15,20.92586184,14.96155891,0.274,0.145,0.218,0.143,0.28,0.076,0.279,0.156,0.0596430293,0.129,0.075,0.204,0.123,0.302552878162159,0.542723727261755,0.304367383922008,0.726683847194772,0.311318319470642,0.439114250547156,0.252339708662147,0.60214780116514,0.278336745679808,0.539662893873299,0.324737540589517,0.692411436552548,0.326363696061293,0.531035968728497,0.465889084120288
"50","ROB938120",204.3,21.16,224.8,20.5,210.43,350.01,361.11,6.13,11.1,3.27,29.9,54.1,16,1.313235318,15,31.7387184,15.33790184,0.251,0.126,0.199,0.124,0.266,0.062,0.272,0.135,0.1640081656,0.125,0.075,0.204,0.137,0.321300472729064,0.538769047810851,0.307659834444208,0.714686634821852,0.3163436471027,0.436934937621858,0.253179489510274,0.587241002293725,0.268334758602795,0.520270192858271,0.324737540589517,0.692411436552548,0.310299566326549,0.488830160772072,0.451558492066471
"51","ROB938240",202.75,15.58,217.06,14.31,208.06,174.82,180.19,5.31,5.37,3.63,37.1,37.5,25.4,1.313235318,15,34.37156767,15.57053063,0.311,0.178,0.251,0.176,0.3,0.102,0.293,0.193,0.1880103704,0.133,0.075,0.198,0.1,0.272496327116581,0.56451675558778,0.296801975416006,0.750366260769259,0.304586867344369,0.452974723533348,0.252143260993283,0.621989112898758,0.297676551828671,0.577160550633466,0.324737540589517,0.692411436552548,0.346982838003071,0.605965081195019,0.492762174651834
"52","ROB938360",173.97,15.18,188.28,14.31,178.56,174.4,181.53,4.59,7.13,2.59,32.1,49.8,18.1,1.313235318,15,32.47326674,14.87033523,0.266,0.139,0.212,0.136,0.275,0.071,0.276,0.149,0.1760293151,0.127,0.076,0.204,0.127,0.307410434239344,0.538889857195922,0.306048511023596,0.720077005465412,0.311337641519842,0.435494714665354,0.253259668612597,0.595874370274788,0.273863880191925,0.530990522831516,0.324737540589517,0.692411436552548,0.320541180193341,0.514858945409661,0.459781532035927
"53","SHO424",204.47,16.67,220.31,15.84,214.77,172.53,176.95,10.3,4.42,1.12,65,27.9,7.1,1.33705879,15,30.7547163,14.87857013,0.182,0.069,0.143,0.068,0.212,0.027,0.197,0.072,0.1587614617,0.113,0.075,0.185,0.125,0.225419722961293,0.382986852403388,0.283954668724062,0.436368879344875,0.196796447312193,0.252143142257794,0.274125538335596,0.407976993049568,0.174002483932691,0.337370776506388,0.324737540589517,0.692411436552548,0.264202633131943,0.385765965326128,0.329911276858245
"54","SHO424120",178.95,18.05,196.5,17.55,186.66,172.92,179.62,7.71,6.7,3.14,43.9,38.2,17.9,1.33705879,15,32.33402353,12.88582707,0.265,0.137,0.21,0.135,0.277,0.071,0.259,0.148,0.1944819646,0.128,0.075,0.206,0.111,0.268527439217819,0.506518619760736,0.31574675274894,0.67221150171207,0.272153885973223,0.3794769511447,0.272647772670873,0.569270569992572,0.261754509549463,0.507511847790124,0.324737540589517,0.692411436552548,0.328448959486841,0.523087255348855,0.441953471118328
"55","SHO424240",203.94,14.9,218.75,14.81,212.68,177.48,182.95,8.74,5.47,0.6,59,36.9,4.1,1.33705879,15,38.95971363,30.08115232,0.156,0.048,0.122,0.047,0.187,0.016,0.195,0.048,0.0887856131,0.108,0.075,0.171,0.147,0.262470950629493,0.406286376346872,0.285320947699642,0.43580536514092,0.217682394150906,0.27568686980171,0.263051377528246,0.385350122982626,0.170949295971431,0.331450996684689,0.324737540589517,0.692411436552548,0.243394751148236,0.349070863586433,0.321460184645073
"56","SHO424360",587.36,49.62,635.56,48.2,614.11,522.93,539.52,26.75,16.59,4.86,55.5,34.4,10.1,1.33705879,15,30.38346031,12.36918959,0.207,0.089,0.163,0.088,0.235,0.039,0.219,0.094,0.1801427072,0.118,0.075,0.196,0.125,0.24959925553481,0.433461756249801,0.308548179240849,0.533590411620777,0.225835674910881,0.296942148378468,0.281277296750342,0.471656639823188,0.204919324117838,0.397314968937698,0.324737540589517,0.692411436552548,0.284176727798745,0.423485136794498,0.370260227123362
"57","SHO446",202.75,15.58,217.4,14.65,210.13,175.3,181.28,7.38,5.98,1.29,50.4,40.8,8.8,1.313333339,15,30.87335262,14.73782943,0.197,0.08,0.154,0.079,0.223,0.033,0.223,0.084,0.1613552319,0.117,0.075,0.19,0.139,0.269797446552459,0.444695569178687,0.308435985682656,0.541310407459303,0.240504976930782,0.315700493353459,0.274427646982585,0.468382232359149,0.200771317121823,0.389272461097746,0.324737540589517,0.692411436552548,0.267958751170613,0.399026110533402,0.367981700957663
"58","SHO446120",203.68,16.17,219.04,15.36,211.72,174.82,181.44,8.04,6.62,0.7,52.3,43.1,4.6,1.313333339,15,36.91049706,27.78365439,0.161,0.051,0.125,0.051,0.189,0.017,0.207,0.052,0.0912684267,0.11,0.074,0.172,0.155,0.283889008483944,0.43608936565292,0.297124383790169,0.48071239726489,0.236542794740175,0.30352503272858,0.264065305898955,0.407564239848339,0.178781853291627,0.346637423254138,0.324737540589517,0.692411436552548,0.240745839191716,0.349544457344788,0.336225850240564
"59","SHO446240",171.19,16.14,187.76,16.57,179.72,173.85,180.45,8.53,6.6,1.44,51.5,39.8,8.7,1.313333339,15,30.86184182,14.64504534,0.196,0.08,0.154,0.079,0.222,0.033,0.221,0.084,0.1621679648,0.116,0.075,0.189,0.137,0.265923120570094,0.439727571007463,0.307121871688621,0.533807802865202,0.236965461657304,0.310647407001323,0.274695765945325,0.463872671555083,0.198417344015471,0.384708378351248,0.324737540589517,0.692411436552548,0.267399619222045,0.397962394494198,0.36510342380246
"60","SHO446360",209.84,16.88,226.37,16.53,218.93,172.31,177.91,9.09,5.6,1.84,55,33.9,11.1,1.313333339,15,30.403364,11.79516946,0.215,0.096,0.169,0.094,0.238,0.042,0.224,0.101,0.1860819454,0.119,0.075,0.196,0.123,0.243483932354187,0.430813196320337,0.306909702302932,0.541607943139682,0.225747778346258,0.299715300187283,0.279025855640114,0.474443315045381,0.203027419163244,0.393646783121139,0.324737540589517,0.692411436552548,0.281949431913318,0.4264556015632,0.373190325084506
"61","SPR1575",203.94,16.77,220.27,16.33,213.16,176.03,181.5,9.22,5.47,1.64,56.5,33.5,10,1.27470589,15,30.31577789,12.26728211,0.206,0.088,0.162,0.087,0.226,0.037,0.221,0.093,0.1804849578,0.118,0.075,0.189,0.128,0.235069700574882,0.409614414242217,0.297495157179775,0.509960670115306,0.218338183149546,0.288907413780248,0.273000754554513,0.448206518906209,0.184449573789976,0.357626480549945,0.324737540589517,0.692411436552548,0.262833732494872,0.400269105405998,0.35654509450477
"62","SPR1575120",209.15,16.85,225.66,16.51,218.26,174.13,179.94,9.11,5.81,1.59,55.2,35.2,9.6,1.27470589,15,30.46005755,12.86686884,0.203,0.086,0.159,0.085,0.224,0.035,0.221,0.09,0.1759318871,0.117,0.074,0.189,0.131,0.241144484027404,0.413590954779545,0.298333320468783,0.51265726937833,0.222365836712082,0.293694946496419,0.272113093876107,0.449068426955493,0.184896981717976,0.358493952994436,0.324737540589517,0.692411436552548,0.26082386839085,0.396314968353298,0.356657450500915
"63","SPR1575240",202.17,19.18,220.92,18.75,214.62,176.03,180.15,12.45,4.12,2.18,66.4,22,11.6,1.27470589,15,29.00077164,9.753669144,0.219,0.099,0.172,0.098,0.237,0.043,0.213,0.105,0.19247102496,0.12,0.074,0.194,0.108,0.197681342216749,0.381237987365942,0.287648263442175,0.474706128030978,0.188837913357718,0.251757252079211,0.275997594359844,0.425364053083997,0.174967326056174,0.339241494263104,0.215357824794416,0.249807499449773,0.271755918682845,0.418248370370156,0.307396616785742
"64","SPR1575360",206.62,15.95,222.33,15.71,215.98,171.3,175.74,9.36,4.44,1.91,59.6,28.3,12.2,1.27470589,15,41.95603757,10.46903404,0.224,0.103,0.176,0.101,0.24,0.045,0.224,0.109,0.3148700353,0.121,0.075,0.195,0.115,0.217578638939749,0.406449587477027,0.297655073983498,0.519259963574565,0.208882639797116,0.280280000131024,0.276718278635173,0.454755773099502,0.188613046906424,0.365698975416185,0.324737540589517,0.692411436552548,0.275537303967377,0.426100301500374,0.364450548886475
"65","SPR1620",198.81,16.18,214.85,16.04,209,174.18,178.81,10.19,4.63,1.22,63.5,28.9,7.6,1.30456522,15,30.50552272,14.096672,0.187,0.072,0.146,0.071,0.213,0.029,0.202,0.075,0.1640885072,0.115,0.075,0.184,0.127,0.223605893392184,0.382054228946983,0.284451992688076,0.44568236229186,0.199702959506018,0.258060185454968,0.271442262322654,0.409634795050969,0.17043604870745,0.330455869350438,0.324737540589517,0.692411436552548,0.257447897824848,0.381669196949636,0.331633461327037
"66","SPR1620120",205.53,15.38,220.43,14.9,211.81,171.67,178.01,6.28,6.34,2.28,42.1,42.6,15.3,1.30456522,15,31.71647974,13.04778915,0.246,0.122,0.195,0.12,0.261,0.059,0.255,0.13,0.1866869059,0.124,0.075,0.202,0.125,0.275950719541239,0.489699693301527,0.312544151776697,0.646952764984445,0.270681571833658,0.371191609078112,0.268391576481931,0.545833033678087,0.240887048688509,0.467052244482965,0.324737540589517,0.692411436552548,0.303184169224063,0.47571498440688,0.422350524225869
"67","SPR1620240",208.12,17.84,225.46,17.34,222.04,171.29,173.19,13.92,1.9,1.52,80.3,11,8.8,1.30456522,15,37.54105365,9.551767014,0.197,0.08,0.154,0.079,0.222,0.033,0.184,0.084,0.27989286636,0.117,0.075,0.189,0.1,0.168154670400465,0.327089251737171,0.247406926237799,0.351016559412513,0.152351353072125,0.196543611972515,0.264036974298261,0.358814989149483,0.146945340064426,0.284910090712887,0.215357824794416,0.249807499449773,0.264876869845219,0.395636393691634,0.265528945102361
"68","SPR1620360",199.1,16.77,215.28,16.18,210.44,176.82,179.85,11.34,3.03,1.81,70.1,18.7,11.2,1.30456522,15,28.25669344,9.383365746,0.216,0.096,0.17,0.095,0.238,0.043,0.205,0.102,0.18873327694,0.12,0.075,0.195,0.103,0.191826684054089,0.37544527755562,0.28467516571745,0.454734346693535,0.179460820002359,0.237464472012449,0.278394067693013,0.416514897444313,0.174949442745598,0.339206820583515,0.215357824794416,0.249807499449773,0.279399786086287,0.424161167775321,0.302394043774048
"69","SS256",206.1,15.18,220.39,14.29,212.05,176.84,183.19,5.95,6.35,1.99,41.6,44.4,13.9,1.496470592,15,19.45229743,13.39467698,0.236,0.113,0.187,0.112,0.273,0.061,0.239,0.121,0.0605762045,0.123,0.075,0.212,0.118,0.32922447411606,0.568241325444466,0.343516491148017,0.698340524569478,0.303273792286569,0.40494165887939,0.29330807297169,0.617816861618209,0.315210639438124,0.611157127110044,0.324737540589517,0.692411436552548,0.370885163884221,0.552300632713034,0.461837233353379
"70","SS256120",202.8,16.08,217.89,15.09,211.49,178.34,183.13,8.69,4.79,1.61,57.6,31.7,10.7,1.496470592,15,30.18324346,11.57003872,0.212,0.093,0.167,0.092,0.252,0.047,0.208,0.098,0.1861320474,0.119,0.075,0.205,0.11,0.272879081398536,0.486121750553633,0.331176335259151,0.570347849177623,0.233987857364122,0.302161847818673,0.309536457577456,0.52816211431016,0.259761917595904,0.503648441478679,0.324737540589517,0.692411436552548,0.348256339216165,0.501130158342049,0.402089418021215
"71","SS256240",175.24,16.4,190.79,15.55,181.33,175.72,182.93,6.09,7.21,2.25,39.2,46.4,14.5,1.496470592,15,43.45223018,13.57451167,0.241,0.117,0.19,0.115,0.276,0.064,0.245,0.125,0.2987771851,0.124,0.075,0.212,0.12,0.337541562779213,0.580510674340704,0.342925176690461,0.717197281468387,0.314628584592641,0.422778530475269,0.289037542988154,0.631016796169076,0.324233159668031,0.628650754713578,0.324737540589517,0.692411436552548,0.375672509898469,0.564636257678503,0.471745611945279
"72","SS256360",201.56,16.5,217.57,16.01,207.77,173.96,180.95,6.21,6.99,2.81,38.8,43.7,17.6,1.496470592,15,44.30382755,13.57425736,0.262,0.136,0.209,0.134,0.291,0.078,0.255,0.146,0.3072957019,0.126,0.075,0.213,0.109,0.3287086745559,0.59526647757164,0.339402873401406,0.747751890592445,0.323429166742149,0.446591578241885,0.284234045445635,0.656629557705837,0.343365679889247,0.665746507933129,0.324737540589517,0.692411436552548,0.391208615314237,0.612018755710537,0.493946927664365
"73","SS32",174.68,16.65,190.93,16.25,182.46,176.4,182.22,7.78,5.82,2.65,47.9,35.8,16.3,1.180000027,15,31.7466084,12.10346781,0.254,0.128,0.201,0.126,0.248,0.057,0.258,0.137,0.1964314059,0.126,0.075,0.191,0.121,0.23032256278644,0.433282689307947,0.29128269023422,0.587766821927911,0.238455967977391,0.332540421207288,0.262364147490537,0.493559302342826,0.194839776278099,0.377771886536406,0.324737540589517,0.692411436552548,0.263074475293959,0.434838106051994,0.392106423993356
"74","SS32120",163.92,15.89,179.4,15.48,171.61,174.03,179.87,7.69,5.84,1.95,49.7,37.7,12.6,1.180000027,15,30.88401125,12.12311285,0.227,0.105,0.179,0.104,0.229,0.044,0.244,0.112,0.187608984,0.122,0.075,0.185,0.132,0.234490399643163,0.414535336662299,0.290746332619829,0.545486392031626,0.232152613228943,0.316180709528495,0.26246906011459,0.463860485927112,0.178836180820561,0.346742758075848,0.324737540589517,0.692411436552548,0.247162496924083,0.398885177738364,0.368827481501481
"75","SS32240",207.99,15.53,223.12,15.13,216.15,178.34,183.53,8.16,5.19,1.78,53.9,34.3,11.8,1.180000027,15,30.52924004,11.66021931,0.22,0.1,0.174,0.099,0.224,0.041,0.236,0.106,0.1886902073,0.12,0.075,0.183,0.13,0.222878677421319,0.397641857890648,0.287392610568986,0.517098699562507,0.220047347300023,0.29785806489341,0.263708916898638,0.444968744878581,0.169973482134982,0.329559006040143,0.324737540589517,0.692411436552548,0.243504803128515,0.391061744344471,0.356781777651119
"76","SS32360",205.81,14.99,220.34,14.53,213.58,178.9,183.59,7.77,4.69,2.07,53.5,32.3,14.2,1.180000027,15,30.90878521,11.21006453,0.238,0.115,0.189,0.114,0.238,0.049,0.244,0.123,0.1969872068,0.123,0.075,0.189,0.121,0.217422485604124,0.407374689160695,0.289261815787436,0.543246507021739,0.221202483326692,0.304205401000592,0.265504788513423,0.462517209752869,0.179268288343685,0.347580564797428,0.324737540589517,0.692411436552548,0.25418142042875,0.414326499734353,0.370969300729111
"77","SS452",166.15,15.45,181.19,15.04,172.14,173.76,181.01,5.99,7.25,1.8,39.8,48.2,12,1.269117671,15,30.97265154,14.28737641,0.222,0.101,0.175,0.1,0.238,0.044,0.249,0.108,0.1668527513,0.121,0.075,0.194,0.141,0.288397716511653,0.477606988911976,0.308522865588114,0.617301224953883,0.271523690707991,0.366600238174041,0.263736011460517,0.515059258737359,0.218320402578623,0.42329811667303,0.324737540589517,0.692411436552548,0.27226011756977,0.421181580789546,0.399768985890217
"78","SS452120",411.8,32.36,443.25,31.45,425.28,352.83,367.21,13.48,14.38,3.59,42.9,45.7,11.4,1.269117671,15,30.89392653,13.95444456,0.217,0.098,0.171,0.096,0.235,0.042,0.243,0.103,0.1693948197,0.119,0.075,0.193,0.14,0.279023921006814,0.464653817168463,0.308003737246059,0.595904003023159,0.261044708400953,0.350821849966275,0.266382102472036,0.501455313476347,0.2107919506687,0.40870131547033,0.324737540589517,0.692411436552548,0.269269964263968,0.414999367682599,0.390449736667247
"79","SS452240",411.8,32.36,443.25,31.45,425.28,352.83,367.21,13.48,14.38,3.59,42.9,45.7,11.4,1.269117671,15,30.89392653,13.95444456,0.217,0.098,0.171,0.096,0.235,0.042,0.243,0.103,0.1693948197,0.119,0.075,0.193,0.14,0.279023921006814,0.464653817168463,0.308003737246059,0.595904003023159,0.261044708400953,0.350821849966275,0.266382102472036,0.501455313476347,0.2107919506687,0.40870131547033,0.324737540589517,0.692411436552548,0.269269964263968,0.414999367682599,0.390449736667247
"80","SS452360",203.19,15.67,218.41,15.22,209.53,174.18,181.72,6.34,7.54,1.34,41.7,49.5,8.8,1.269117671,15,30.96091349,16.65592188,0.197,0.08,0.154,0.079,0.218,0.032,0.237,0.084,0.1430499161,0.117,0.075,0.186,0.153,0.294939162230201,0.468577468573252,0.307941042987975,0.577167713636639,0.264533857805554,0.351209855453294,0.264762092977439,0.480058847748075,0.201916037151879,0.391491941398797,0.324737540589517,0.692411436552548,0.254258322041348,0.385191965103307,0.377464475315083
"81","SS604",201.55,15.51,216.79,15.24,209.79,174.92,180.12,8.24,5.2,1.8,54.1,34.1,11.8,1.239374995,15,30.51466866,11.62541462,0.22,0.1,0.174,0.099,0.233,0.043,0.232,0.106,0.1888925404,0.12,0.075,0.19,0.126,0.231597628968563,0.413817313968008,0.296834761068819,0.533275105745626,0.223192787189993,0.300267885378327,0.270196370346798,0.460663779842329,0.185732014948753,0.360112986258265,0.324737540589517,0.692411436552548,0.261819413766572,0.409469405617467,0.366274355760234
"82","SS604120",200.43,15.57,215.6,15.17,207.35,343.83,349.92,6.92,6.09,2.16,45.6,40.1,14.2,1.239374995,15,19.43893989,12.61865624,0.238,0.115,0.189,0.114,0.247,0.052,0.25,0.123,0.0682028365,0.123,0.075,0.195,0.127,0.253936742017469,0.451435574382472,0.302175890228599,0.598909818837402,0.250273884244944,0.342528291770406,0.265727398928341,0.505358526905867,0.208467127942194,0.404193751953107,0.324737540589517,0.692411436552548,0.273831084741751,0.435326044934222,0.395833040485093
"83","SS604240",209.68,15.58,224.52,14.84,216.27,176.03,182.78,6.59,6.75,1.5,44.4,45.5,10.1,1.239374995,15,30.81389048,14.57895982,0.207,0.089,0.163,0.088,0.223,0.036,0.239,0.094,0.1623493066,0.118,0.075,0.187,0.145,0.272702649373103,0.447497952631169,0.302266198877691,0.566342521885183,0.253106989304015,0.338696315230928,0.263891587772892,0.476415921992173,0.194010978835897,0.376164943748448,0.324737540589517,0.692411436552548,0.252595311582378,0.390642311977762,0.374561036728928
"84","SS604360",200.63,15.13,215.03,14.4,208.73,173.85,179.04,8.1,5.19,1.11,56.2,36,7.7,1.239374995,15,19.16131305,15.41591981,0.187,0.073,0.147,0.072,0.206,0.027,0.216,0.076,0.0374539324,0.114,0.075,0.179,0.14,0.238719059852656,0.39513781240553,0.28757505347457,0.475293931499736,0.21826834081192,0.286102663674407,0.264160058229889,0.417437037753685,0.166157494406174,0.322160245320701,0.324737540589517,0.692411436552548,0.240096290243661,0.366265028541195,0.337346195977073
"85","TOI1577",166.93,15.15,179.54,12.61,172.26,174.82,180.65,5.33,5.83,1.45,42.3,46.2,11.5,1.288737369,15,30.9079658,14.02259427,0.218,0.098,0.172,0.097,0.238,0.043,0.243,0.104,0.1688537153,0.12,0.075,0.195,0.139,0.284953104681101,0.473926464498693,0.311367210143445,0.606099304328968,0.265271114945172,0.356081840551366,0.26800058001899,0.51038485804895,0.218567983520114,0.423778147604723,0.324737540589517,0.692411436552548,0.276048811487704,0.422459169763406,0.396012838304423
"86","TOI1577360",171.25,15.7,185.01,13.76,178.82,173.03,177.62,7.57,4.59,1.6,55,33.4,11.6,1.288737369,15,30.43005473,11.5526719,0.219,0.099,0.172,0.098,0.239,0.044,0.227,0.105,0.1887738283,0.12,0.074,0.195,0.122,0.237450983939044,0.424786693015412,0.303671666092845,0.540494003893288,0.223949262784418,0.299178038508932,0.276332809940317,0.470746188414998,0.197769627346841,0.383452530328203,0.324737540589517,0.692411436552548,0.276708259795283,0.423813279668393,0.371989288216525
"87","TOI1596",383.57,31.04,413.92,30.35,397.08,347.39,359.7,13.51,12.31,4.53,44.5,40.6,14.9,1.214020639,15,31.56016586,12.64901273,0.244,0.12,0.193,0.118,0.246,0.053,0.256,0.128,0.1891115313,0.124,0.075,0.193,0.128,0.251259371888442,0.449353853738226,0.297944816398161,0.602146458407886,0.251514186283719,0.346537908608811,0.262329402558829,0.505556682707659,0.204919324117838,0.397314968937698,0.324737540589517,0.692411436552548,0.268238405243234,0.432701323078286,0.396820239275556
"88","TOI1596120",383.57,31.04,413.92,30.35,397.08,347.39,359.7,13.51,12.31,4.53,44.5,40.6,14.9,1.214020639,15,31.56016586,12.64901273,0.244,0.12,0.193,0.118,0.246,0.053,0.256,0.128,0.1891115313,0.124,0.075,0.193,0.128,0.251259371888442,0.449353853738226,0.297944816398161,0.602146458407886,0.251514186283719,0.346537908608811,0.262329402558829,0.505556682707659,0.204919324117838,0.397314968937698,0.324737540589517,0.692411436552548,0.268238405243234,0.432701323078286,0.396820239275556
"89","TOI1596240",204.58,16.91,221.04,16.46,212.66,174.18,180.54,8.08,6.36,2.02,49.1,38.6,12.3,1.214020639,15,30.86684786,12.32949848,0.224,0.103,0.177,0.102,0.232,0.044,0.241,0.11,0.1853734938,0.121,0.075,0.188,0.131,0.243078194896975,0.425626651160087,0.296543707285118,0.555991479017016,0.236509033270485,0.320530756655033,0.265298424882684,0.473182107746703,0.188097296404692,0.364698994592231,0.324737540589517,0.692411436552548,0.256307510856019,0.406523707301999,0.373905921184147
"90","TOI1596360",200.28,16.2,216.13,15.85,208.2,173.03,179.87,7.92,6.84,1.09,50,43.2,6.9,1.203105278,15,43.93600258,18.34702637,0.181,0.067,0.141,0.067,0.195,0.024,0.224,0.07,0.2558897621,0.114,0.074,0.171,0.154,0.25916403266781,0.411833152237503,0.288394241138128,0.492352699327205,0.234785818592211,0.309306872308269,0.257791749605555,0.417569652626952,0.163338698176129,0.316694924070966,0.324737540589517,0.692411436552548,0.226617973630065,0.350272008553516,0.339221885970633
"91","TOI533",206.94,15.39,221.82,14.88,213.08,177.48,184.22,6.14,6.74,2,41.3,45.3,13.4,1.331470574,15,31.26015595,13.47419727,0.233,0.11,0.184,0.109,0.254,0.052,0.248,0.117,0.1778595868,0.123,0.075,0.202,0.131,0.290918318244995,0.49693022785542,0.317903871742619,0.642734220780877,0.275469355275363,0.372426196763654,0.271293779826116,0.544060597763613,0.243607648195807,0.472327173596593,0.324737540589517,0.692411436552548,0.30250921141312,0.463294080800729,0.418471266737585
"92","TOI533120",165.7,15.11,180.35,14.65,173.13,174.92,179.74,7.43,4.82,2.4,50.7,32.9,16.4,1.331470574,15,31.58022297,11.6954932,0.254,0.129,0.202,0.127,0.27,0.065,0.245,0.138,0.1988472977,0.125,0.075,0.205,0.107,0.246274567917181,0.473945717448861,0.3150774080808,0.625183862822523,0.245384215602791,0.338385096547976,0.280776911406439,0.53416347353187,0.24057202536878,0.466441450547198,0.324737540589517,0.692411436552548,0.318766354570714,0.500990961817646,0.418411090842602
"93","TOI533240",174.68,15.2,189.14,14.46,180.36,176.27,183.27,5.68,7,1.78,39.3,48.4,12.3,1.331470574,15,31.02179513,14.25530041,0.224,0.103,0.177,0.102,0.248,0.048,0.247,0.11,0.1676649472,0.121,0.075,0.2,0.137,0.302813141406001,0.502614605711305,0.318489149041257,0.64291537768485,0.281581252504549,0.378570377311471,0.269703840239091,0.540872085728139,0.242141822831298,0.469485107033691,0.324737540589517,0.692411436552548,0.295768225575419,0.448850573546341,0.415610869415304
"94","TOI533360",175.24,15.94,190.6,15.36,182.03,174.03,180.44,6.79,6.41,2.16,44.2,41.7,14.1,1.331470574,15,31.37922775,12.78696571,0.238,0.115,0.188,0.113,0.258,0.055,0.247,0.122,0.1859226204,0.123,0.075,0.203,0.125,0.277342839185627,0.487867829081201,0.317342607297883,0.634463483075576,0.265818097368273,0.360594813342256,0.274175929103605,0.540384810304536,0.241639179684662,0.468510539861695,0.324737540589517,0.692411436552548,0.30673088053036,0.472652829244339,0.417080521951105
"95","WHIS25",210.16,15.31,225.11,14.95,220.5,176.84,179.84,10.34,3,1.61,69.2,20.1,10.8,1.129999995,15,40.43885948,9.559382312,0.213,0.094,0.167,0.092,0.211,0.035,0.216,0.099,0.30879477168,0.119,0.075,0.176,0.117,0.173042596617546,0.332778923767376,0.258792517450047,0.412825822074561,0.177852322654324,0.238456893833758,0.255848481551948,0.374731949276356,0.1339715401826,0.259755386932549,0.215357824794416,0.249807499449773,0.225478995989889,0.36976330827963,0.276829071237637
"96","WHIS25120",205.91,16.74,222.13,16.22,214.61,174.4,179.09,8.7,4.69,2.83,53.6,28.9,17.4,1.129999995,15,19.59436913,11.56033631,0.261,0.135,0.208,0.132,0.244,0.058,0.257,0.144,0.0803403282,0.126,0.076,0.186,0.113,0.202431482684199,0.407214140488126,0.281166527329603,0.557060710723797,0.218511110001107,0.308742969360688,0.26263654137715,0.467179091269023,0.176668958254504,0.34254076311895,0.324737540589517,0.692411436552548,0.250853409895239,0.427591783949416,0.379340081405686
"97","WHIS25240",202.91,16.2,218.86,15.95,212.82,173.96,178.21,9.91,4.25,1.79,62.1,26.6,11.2,1.129999995,15,17.7474593,10.67411493,0.216,0.096,0.17,0.095,0.213,0.037,0.226,0.102,0.0707334437,0.12,0.075,0.176,0.124,0.192059693406162,0.356077205090575,0.270080874595245,0.455243104392837,0.195805977296644,0.264369262680834,0.2587292750008,0.401589030961114,0.144636774710297,0.280434048368346,0.324737540589517,0.692411436552548,0.227130121313767,0.373288525148917,0.331673873926834
"98","WHIS25360",198.9,15.32,214.05,15.15,211.43,172.31,174.17,12.53,1.86,0.76,82.7,12.3,5,1.129999995,15,30.71634231,19.38794686,0.164,0.054,0.128,0.054,0.17,0.016,0.179,0.055,0.1132839545,0.11,0.074,0.154,0.124,0.147652413768332,0.254075209460136,0.190961066097872,0.249338838645542,0.151475645528339,0.190990897110425,0.221553277187026,0.281307862520045,0.09673224192293,0.187552676451255,0.215357824794416,0.249807499449773,0.202029065680926,0.322243584815573,0.21602877895025
"99","WHIS64",198.81,16.04,214.58,15.77,209.2,175.72,179.73,10.39,4.01,1.37,65.9,25.4,8.7,1.299999952,15,29.57824862,11.94915328,0.196,0.08,0.154,0.079,0.221,0.033,0.203,0.084,0.1762909534,0.116,0.075,0.188,0.119,0.211053313244123,0.375646011950892,0.283007459218499,0.444382244643567,0.19191638581501,0.249602408530447,0.273185536516081,0.410675681104987,0.169983595152861,0.329578614017095,0.215357824794416,0.249807499449773,0.262873272396714,0.393057138182775,0.293340872534503
"100","WHIS64120",407.1,31.64,437.95,30.85,427.79,346.12,354.26,20.69,8.14,2.02,67.1,26.4,6.5,1.299999952,15,31.18456498,16.0531126,0.177,0.065,0.139,0.064,0.204,0.024,0.194,0.067,0.1513145238,0.112,0.075,0.18,0.127,0.213794636432906,0.360935426272872,0.271082342335506,0.406191847676392,0.189878625051743,0.242993451359567,0.265441817326517,0.384012493845607,0.158345662226897,0.307014002412582,0.215357824794416,0.249807499449773,0.249392616266651,0.368004480606924,0.275723563783974
"101","WHIS64240",407.1,31.64,437.95,30.85,427.79,346.12,354.26,20.69,8.14,2.02,67.1,26.4,6.5,1.299999952,15,31.18456498,16.0531126,0.177,0.065,0.139,0.064,0.204,0.024,0.194,0.067,0.1513145238,0.112,0.075,0.18,0.127,0.213794636432906,0.360935426272872,0.271082342335506,0.406191847676392,0.189878625051743,0.242993451359567,0.265441817326517,0.384012493845607,0.158345662226897,0.307014002412582,0.215357824794416,0.249807499449773,0.249392616266651,0.368004480606924,0.275723563783974
"102","WHIS64360",203.68,15.25,218.6,14.92,212.75,176.4,181.06,9.07,4.66,1.19,60.8,31.2,8,1.299999952,15,30.53295226,13.87736519,0.19,0.075,0.149,0.074,0.215,0.03,0.207,0.078,0.1665558707,0.115,0.075,0.185,0.129,0.231107577035153,0.393491592908548,0.290232101242991,0.466713973861764,0.207350656705157,0.269336720260774,0.272507831770716,0.421911005533474,0.175600127531193,0.340468423443518,0.324737540589517,0.692411436552548,0.258929143180265,0.385604247222413,0.339176127253004
